Skill,Element,Cooldown (s),Power,Power per Cooldown,Status,Status Build-up,Attack Pattern,Range,AoE,Tracking,Exclusive?,Exclusive Pal,Skill Fruit / Transferable,Primary Use,Boss Value (/10),Raid Value (/10),Crowd Value (/10),Rotation Role,Team Synergy,Source,Data Date,Notes
Poison Fog,Dark,30,0,0,Poison,9999,Persistent frontal cloud,Short,Medium,No,No,,Unknown,Status setup,7.5,8.5,8,Status opener,Prixter / poison payoff,https://paldb.cc/en/Active_Skills,2026-08-05,Damage is secondary; near-guaranteed Poison application.
Poison Blast,Dark,2,30,15,Poison,100,Projectile,Medium,Small,No,No,,Yes,Fast status filler,6.5,7,6,Low-CD filler,Prixter / Dandilord,https://paldb.cc/en/Active_Skills,2026-08-05,Excellent status uptime.
Dark Cannon,Dark,4,70,17.5,Blind,20,Projectile,Long,Small,No,No,,Yes,Fast ranged filler,7,7,6,Low-CD filler,Dark aura teams,https://paldb.cc/en/Active_Skills,2026-08-05,Reliable general-purpose move.
Dark Arrow,Dark,8,120,15,Blind,102,Homing projectiles,Long,Small,Yes,No,,Yes,Tracking damage,8,8,7,Mid-CD tracking,Dark weakness teams,https://paldb.cc/en/Active_Skills,2026-08-05,Good hit consistency.
Spirit Flame,Dark,12,200,16.67,Burn,102,Three homing projectiles,Long,Small,Yes,No,,Yes,Coverage + tracking,8,8,7,Mid-CD damage,Burn payoff teams,https://paldb.cc/en/Active_Skills,2026-08-05,Dark move that enables Burn interactions.
Nightmare Ball,Dark,16,300,18.75,Blind,65,Large projectile,Long,Medium,No,No,,Yes,Burst projectile,8.5,8,7.5,Burst,Dark amplifiers,https://paldb.cc/en/Active_Skills,2026-08-05,Solid generic Dark burst.
Dark Laser,Dark,20,450,22.5,Blind,100,Sweeping beam,Long,Wide,Partial,No,,Yes,Boss / line AoE,9,9,8.5,Heavy burst,Dark aura + weakness amp,https://paldb.cc/en/Active_Skills,2026-08-05,Strong line damage.
Dark Whisp,Dark,30,600,20,Blind,100,Homing orb,Long,Medium,Yes,No,,Limited,High-end tracking nuke,9.5,9,8,Ultimate,Dark weakness amp,https://paldb.cc/en/Active_Skills,2026-08-05,High consistency for a long-cooldown move.
Twin Spears,Dark,30,700,23.33,None,0,Multi-hit charge,Melee,Line,No,Yes,Necromus,No,Exclusive burst,9.5,9,7.5,Ultimate,Dark aura teams,https://paldb.cc/en/Active_Skills,2026-08-05,Large exclusive damage.
Toxic Dance,Dark,30,800,26.67,Poison,100,Persistent mist AoE,Short,Large,No,Yes,Dandilord,No,Status + area denial,9.5,10,10,Ultimate,Prixter poison payoff,https://paldb.cc/en/Active_Skills,2026-08-05,Premium Poison team move.
Dragon Cannon,Dragon,2,40,20,Burn,35,Projectile,Long,Small,No,No,,Yes,Fast filler,6.5,7,5.5,Low-CD filler,Burn / Dragon teams,https://paldb.cc/en/Active_Skills,2026-08-05,Maintains action frequency.
Dragon Burst,Dragon,4,80,20,Burn,50,Self-centered burst,Short,Medium,No,No,,Yes,Close-range AoE,6.5,7,8,Low-CD AoE,Dragon aura teams,https://paldb.cc/en/Active_Skills,2026-08-05,Best on aggressive melee Pals.
Mystic Whirlwind,Dragon,8,150,18.75,None,0,Twin tracking tornadoes,Long,Medium,Yes,Yes,Elphidran,No,Tracking damage,8,8,8,Mid-CD tracking,Dragon amp,https://paldb.cc/en/Active_Skills,2026-08-05,Good multi-hit consistency.
Dragon Breath,Dragon,8,160,20,Burn,100,Channeled breath,Short,Cone,No,No,,Yes,Sustained close damage,7.5,8,8,Mid-CD channel,Burn payoff,https://paldb.cc/en/Active_Skills,2026-08-05,Requires good positioning.
Comet Strike,Dragon,8,180,22.5,Burn,100,Vertical meteor,Medium,Medium,No,No,,Yes,Fast burst AoE,8,8.5,8,Mid-CD burst,Dragon weakness amp,https://paldb.cc/en/Active_Skills,2026-08-05,Strong power for its cooldown.
Blast Cannon,Dragon,12,200,16.67,Burn,100,Exploding projectile,Long,Wide,No,No,,Yes,Ranged AoE,8,8,8.5,Mid-CD AoE,Burn / Dragon teams,https://paldb.cc/en/Active_Skills,2026-08-05,Good general-purpose coverage.
Dragon Meteor,Dragon,30,600,20,Burn,45,Meteor barrage,Long,Large,Partial,No,,Yes,Boss / raid burst,9,9.5,8.5,Ultimate,Blazamut Ryu amp,https://paldb.cc/en/Active_Skills,2026-08-05,Improved usability in v1.0.
Cosmic Meteor,Dragon,30,600,20,Burn,100,Meteor barrage + charge,Long,Large,Partial,Yes,Xenolord,No,Exclusive burst,9.5,9.5,9,Ultimate,Dragon weakness amp,https://paldb.cc/en/Active_Skills,2026-08-05,Multiple damage phases.
Meteor Rain,Dragon,30,700,23.33,Burn,100,Large meteor shower,Long,Large,Partial,No,,Limited,Top-tier AoE nuke,9.5,10,9.5,Ultimate,Dragon aura + amp,https://paldb.cc/en/Active_Skills,2026-08-05,One of the main Dragon finishers.
Sand Blast,Ground,2,40,20,Muddy,35,Projectile,Medium,Small,No,No,,Yes,Fast filler,6.5,7,5.5,Low-CD filler,Pierdon muddy payoff,https://paldb.cc/en/Active_Skills,2026-08-05,Fast Muddy build-up.
Stone Blast,Ground,4,70,17.5,Muddy,35,Projectile spread,Medium,Medium,No,No,,Yes,Filler AoE,7,7,7,Low-CD filler,Ground aura,https://paldb.cc/en/Active_Skills,2026-08-05,Good rotational coverage.
Stone Cannon,Ground,8,120,15,Muddy / Stun,35,Boulder projectile,Long,Medium,No,No,,Yes,Control + damage,7.5,8,7.5,Mid-CD control,Muddy payoff,https://paldb.cc/en/Active_Skills,2026-08-05,Dual status utility.
Sand Tornado,Ground,12,200,16.67,Muddy,65,Twin tornadoes,Long,Wide,Partial,No,,Yes,Multi-hit AoE,8,8.5,9,Mid-CD AoE,Pierdon payoff,https://paldb.cc/en/Active_Skills,2026-08-05,Strong against groups and large targets.
Ground Smash,Ground,20,450,22.5,Muddy,100,Ground impact,Short,Large,No,Yes,Knocklem,No,Exclusive AoE burst,8.5,9,9,Heavy burst,Ground amp,https://paldb.cc/en/Active_Skills,2026-08-05,High area damage.
Rock Lance,Ground,20,400,20,Muddy,100,Targeted eruption,Long,Medium,Yes,No,,Yes,Reliable boss hit,9,9,8,Heavy burst,Turtacle Terra amp,https://paldb.cc/en/Active_Skills,2026-08-05,Spawns beneath target; strong accuracy.
Ground Cutter,Ground,20,450,22.5,None,0,Thrown ring,Long,Wide,Partial,Yes,Knocklem,No,Exclusive ranged AoE,9,9,9,Heavy burst,Ground aura,https://paldb.cc/en/Active_Skills,2026-08-05,Excellent trajectory coverage.
Rockburst,Ground,30,600,20,Muddy,100,Large eruption,Long,Large,Yes,No,,Limited,Ultimate AoE,9.5,9.5,9.5,Ultimate,Ground amp + Muddy,https://paldb.cc/en/Active_Skills,2026-08-05,High-end Ground finisher.
Thunder Spear,Electric,2,40,20,Electrify,35,Fast projectile,Long,Small,No,No,,Yes,Fast filler,7,7,5.5,Low-CD filler,Slowatt payoff,https://paldb.cc/en/Active_Skills,2026-08-05,High projectile speed.
Spark Blast,Electric,2,50,25,Electrify,100,Fan projectiles,Medium,Cone,No,No,,Yes,Status filler,7,7.5,7.5,Low-CD filler,Snock / Slowatt core,https://paldb.cc/en/Active_Skills,2026-08-05,Excellent Electrify application.
Lightning Streak,Electric,8,160,20,Electrify,100,Traveling line,Long,Line,No,No,,Yes,Line clear,7.5,8,8.5,Mid-CD AoE,Electric aura,https://paldb.cc/en/Active_Skills,2026-08-05,Good positional multi-hit.
Tri-Lightning,Electric,12,200,16.67,Electrify,103,Three targeted strikes,Long,Medium,Yes,No,,Yes,Reliable burst,8.5,8.5,8,Mid-CD tracking,Electric amp,https://paldb.cc/en/Active_Skills,2026-08-05,Repeated strikes improve hit rate.
Lightning Strike,Electric,16,300,18.75,Electrify,100,Self-centered lightning,Short,Large,No,No,,Yes,Close AoE,8,8.5,9,Burst AoE,Slowatt discharge,https://paldb.cc/en/Active_Skills,2026-08-05,Best on melee Pals.
Thunder Rain,Electric,20,400,20,Electrify,100,Delayed targeted lightning,Long,Medium,Yes,No,,Yes,Boss burst,8.5,9,8,Heavy burst,Univolt amp,https://paldb.cc/en/Active_Skills,2026-08-05,Targeted delayed strike.
Lightning Bolt,Electric,20,450,22.5,Electrify,100,Powerful blast,Long,Wide,Partial,No,,Yes,Beam burst,9,9,8.5,Heavy burst,Electric aura + amp,https://paldb.cc/en/Active_Skills,2026-08-05,Strong general endgame move.
All Range Thunder,Electric,24,500,20.83,Electrify,100,Radial lightning lines,Medium,Very large,No,No,,Limited,Crowd clear,8.5,9,10,Heavy AoE,Mono-Electric,https://paldb.cc/en/Active_Skills,2026-08-05,Outstanding multi-directional clear.
Lightning Ray,Electric,30,600,20,Electrify,100,Multi-laser lock-on,Long,Wide,Yes,No,,Limited,Endgame boss nuke,9.5,9.5,9,Ultimate,Electric amp,https://paldb.cc/en/Active_Skills,2026-08-05,Top-tier Electric finisher.
Ignis Blast,Fire,2,40,20,Burn,35,Projectile,Long,Small,No,No,,Yes,Fast filler,6.5,7,5.5,Low-CD filler,Jormuntide Ignis payoff,https://paldb.cc/en/Active_Skills,2026-08-05,Basic Burn application.
Spirit Fire,Fire,7,130,18.57,Burn,100,Splitting projectiles,Long,Medium,Partial,No,,Yes,Tracking / multi-hit,8,8,7.5,Mid-CD,Burn payoff,https://paldb.cc/en/Active_Skills,2026-08-05,Good hit count on larger targets.
Flare Arrow,Fire,10,170,17,Burn,100,Homing arrows,Long,Medium,Yes,No,,Yes,Tracking damage,8,8,7.5,Mid-CD tracking,Fire aura,https://paldb.cc/en/Active_Skills,2026-08-05,Reliable ranged fire skill.
Ignis Rage,Fire,15,300,20,Burn,100,Delayed ground eruptions,Medium,Large,No,No,,Yes,Area denial,8.5,9,9,Burst AoE,Burn payoff,https://paldb.cc/en/Active_Skills,2026-08-05,Strong on stationary or large targets.
Flame Funnel,Fire,20,400,20,Burn,100,Tracking fire vortex,Long,Medium,Yes,No,,Yes,Boss / tracking,9,9,8.5,Heavy burst,Fire weakness / Burn,https://paldb.cc/en/Active_Skills,2026-08-05,High consistency.
Fire Ball,Fire,30,600,20,Burn,100,Exploding projectile,Long,Large,No,No,,Yes,Ultimate AoE,9,9.5,9.5,Ultimate,Fire aura + Burn payoff,https://paldb.cc/en/Active_Skills,2026-08-05,Large impact explosion.
Brawn Impact,Fire,30,600,20,Burn,100,Self-centered explosion,Short,Large,No,Yes,Blazamut,No,Exclusive ultimate,9,9.5,9.5,Ultimate,Blazamut snowball buff,https://paldb.cc/en/Active_Skills,2026-08-05,Excellent at close range.
Magma Spit,Fire,30,600,20,Burn,100,Projectile + magma pools,Long,Large / persistent,No,Yes,Moldron,No,Persistent area damage,9.5,9.5,10,Ultimate,Burn payoff,https://paldb.cc/en/Active_Skills,2026-08-05,Persistent pools add raid value.
Raging Flame Wave,Fire,30,650,21.67,Burn,100,Large flame wave,Long,Wide,No,Yes,,No,Exclusive endgame burst,9.5,9.5,9.5,Ultimate,Mono-Fire,https://paldb.cc/en/Active_Skills,2026-08-05,High-power Fire finisher.
Ice Missile,Ice,3,50,16.67,Freeze,35,Homing projectiles,Long,Small,Yes,No,,Yes,Fast tracking filler,7,7,6,Low-CD filler,Freeze teams,https://paldb.cc/en/Active_Skills,2026-08-05,Good early rotation skill.
Icicle Cutter,Ice,10,180,18,Freeze,100,Traveling ice blade,Long,Line,No,No,,Yes,Line damage,8,8,8.5,Mid-CD,Ice aura,https://paldb.cc/en/Active_Skills,2026-08-05,Good crowd coverage.
Cryst Breath,Ice,15,300,20,Freeze,100,Channeled cone,Short,Cone,No,No,,Yes,Freeze buildup,8,8.5,8.5,Mid-CD channel,Freeze payoff,https://paldb.cc/en/Active_Skills,2026-08-05,Positioning dependent.
Blizzard Spike,Ice,20,450,22.5,Freeze,100,Exploding ice projectile,Long,Large,No,No,,Yes,Heavy burst AoE,9,9,9,Heavy burst,Moldron Cryst amp,https://paldb.cc/en/Active_Skills,2026-08-05,Reliable generic Ice nuke.
Diamond Rain,Ice,30,600,20,Freeze,100,Repeated falling ice,Long,Large,Partial,No,,Limited,Boss / raid multi-hit,9.5,9.5,9,Ultimate,Ice amp,https://paldb.cc/en/Active_Skills,2026-08-05,Strong against large targets.
Ice Spit,Ice,30,600,20,Freeze,100,Projectile + frost pools,Long,Persistent AoE,No,Yes,Moldron Cryst,No,Area denial,9.5,9.5,10,Ultimate,Wetness → Freeze,https://paldb.cc/en/Active_Skills,2026-08-05,Persistent pools improve raid value.
Crystal Wing,Ice,30,700,23.33,Freeze,100,Wing charge + projectile,Long,Line,Partial,Yes,Frostallion,No,Exclusive ultimate,9.5,9.5,9,Ultimate,Ice aura + amp,https://paldb.cc/en/Active_Skills,2026-08-05,Multiple attack phases.
Double Blizzard Spike,Ice,30,700,23.33,Freeze,100,Two exploding ice blocks,Long,Large,No,No,,Limited,Top-tier burst,10,10,9.5,Ultimate,Ice weakness amp,https://paldb.cc/en/Active_Skills,2026-08-05,Very strong general Ice finisher.
Absolute Frost,Ice,30,700,23.33,Freeze,100,Wide ground icicles,Long,Very large,Yes,No,,Limited,Crowd / raid nuke,9.5,10,10,Ultimate,Ice amp,https://paldb.cc/en/Active_Skills,2026-08-05,Wide coverage.
Wind Cutter,Grass,2,40,20,Ivy-Covered,35,Fast blade projectile,Long,Small,No,No,,Yes,Fast filler,6.5,7,5.5,Low-CD filler,Grass status teams,https://paldb.cc/en/Active_Skills,2026-08-05,Efficient rotation filler.
Seed Mine,Grass,13,200,15.38,Ivy-Covered,100,Exploding seed spread,Medium,Large,No,No,,Yes,Multi-hit / AoE,8.5,9,9,Mid-CD AoE,Grass amp,https://paldb.cc/en/Active_Skills,2026-08-05,Strong against large targets.
Grass Tornado,Grass,18,350,19.44,Ivy-Covered,100,Twin tornadoes,Long,Wide,Partial,No,,Yes,Multi-hit AoE,8.5,9,9,Heavy AoE,Grass aura,https://paldb.cc/en/Active_Skills,2026-08-05,Good hit count.
Spine Vine,Grass,20,400,20,Ivy-Covered,100,Targeted roots,Long,Medium,Yes,No,,Yes,Reliable target burst,9,9,8,Heavy burst,Grass weakness amp,https://paldb.cc/en/Active_Skills,2026-08-05,Good accuracy.
Solar Blast,Grass,20,450,22.5,Ivy-Covered,100,Powerful beam,Long,Wide,Partial,No,,Yes,Boss / line burst,9,9,8.5,Heavy burst,Ribbuny Botan amp,https://paldb.cc/en/Active_Skills,2026-08-05,Strong generic Grass move.
Crosswind,Grass,24,500,20.83,Ivy-Covered,100,Converging wind blades,Long,Wide,Partial,No,,Limited,Burst AoE,9,9,9,Heavy burst,Grass aura + amp,https://paldb.cc/en/Active_Skills,2026-08-05,Good frontal coverage.
Wind Burst,Grass,30,600,20,Ivy-Covered,100,Self-centered vortex,Short,Large,No,No,,Limited,Crowd clear,8.5,9,10,Ultimate,Mono-Grass,https://paldb.cc/en/Active_Skills,2026-08-05,Best on melee / tanky Pals.
Raging Bull Rush,Grass,30,650,21.67,Ivy-Covered,100,Multi-charge,Melee,Line,No,Yes,,No,Exclusive ultimate,9.5,9.5,8.5,Ultimate,Grass amp,https://paldb.cc/en/Active_Skills,2026-08-05,High exclusive damage.
Verdant Nova,Grass,30,700,23.33,Ivy-Covered,100,Large plant eruption,Long,Large,Partial,No,,Limited,Endgame ultimate,9.5,10,9.5,Ultimate,Grass aura + amp,https://paldb.cc/en/Active_Skills,2026-08-05,Top Grass finisher category.
Aqua Gun,Water,2,40,20,Soak,35,Projectile,Long,Small,No,No,,Yes,Fast filler,6.5,7,5.5,Low-CD filler,Jormuntide payoff,https://paldb.cc/en/Active_Skills,2026-08-05,Fast Wet/Soak setup.
Hydro Jet,Water,2,50,25,Soak,100,Fast water projectile,Long,Small,No,No,,Yes,Status filler,7,7.5,6,Low-CD filler,Wetness team,https://paldb.cc/en/Active_Skills,2026-08-05,Strong status buildup.
Aqua Burst,Water,8,160,20,Soak,100,Exploding water projectile,Long,Medium,No,No,,Yes,Mid-CD AoE,8,8,8,Mid-CD,Water aura,https://paldb.cc/en/Active_Skills,2026-08-05,Good all-rounder.
Acid Rain,Water,15,300,20,Soak,100,Tracking rain cloud,Long,Medium,Yes,No,,Yes,Tracking multi-hit,9,9,8.5,Mid-CD tracking,Jormuntide wet payoff,https://paldb.cc/en/Active_Skills,2026-08-05,Excellent large-target consistency.
Tidal Charge,Water,20,400,20,Soak,100,Body charge + wave,Melee,Wide,No,Yes,Panthalus,No,Exclusive heavy burst,8.5,9,9,Heavy burst,Water amp,https://paldb.cc/en/Active_Skills,2026-08-05,Strong close-range AoE.
Hydro Laser,Water,20,450,22.5,Soak,100,Sweeping water beam,Long,Wide,Partial,No,,Yes,Boss / line AoE,9,9,9,Heavy burst,Penking Lux amp,https://paldb.cc/en/Active_Skills,2026-08-05,Wide frontal sweep.
Aqua Surge,Water,24,500,20.83,Soak,100,Large wave surge,Long,Wide,No,No,,Limited,Crowd / burst,9,9,9.5,Heavy burst,Water aura + amp,https://paldb.cc/en/Active_Skills,2026-08-05,Strong frontal clear.
Tidal Wave,Water,30,700,23.33,Soak,100,Massive vortex,Long,Very large,Partial,Yes,Shaolong,No,Exclusive raid nuke,9.5,10,10,Ultimate,Water weakness amp,https://paldb.cc/en/Active_Skills,2026-08-05,Pulls and damages surrounding enemies.
Aqua Tornado,Water,40,800,20,Soak,100,Multiple tracking tornadoes,Long,Very large,Yes,Yes,Panthalus,No,Maximum Water burst,10,10,10,Ultimate,Water aura + amp,https://paldb.cc/en/Active_Skills,2026-08-05,Exceptional power but long cooldown.
Air Cannon,Neutral,2,30,15,None,0,Fast projectile,Long,Small,No,No,,Yes,Fast filler,6,6.5,5,Low-CD filler,Neutral aura,https://paldb.cc/en/Active_Skills,2026-08-05,Basic rotational filler.
Power Shot,Neutral,4,70,17.5,None,0,Charged projectile,Long,Small,No,No,,Yes,Ranged filler,7,7,5.5,Low-CD filler,Neutral aura,https://paldb.cc/en/Active_Skills,2026-08-05,Straightforward damage.
Power Bomb,Neutral,15,300,20,None,0,Exploding energy ball,Long,Medium,No,No,,Yes,Burst projectile,8,8,7.5,Mid-CD burst,Neutral aura,https://paldb.cc/en/Active_Skills,2026-08-05,Good generic burst.
Star Mine,Neutral,20,400,20,None,0,Persistent star mines,Medium,Large / persistent,Partial,No,,Limited,Area denial,8.5,9,9.5,Heavy AoE,Neutral defense / aura,https://paldb.cc/en/Active_Skills,2026-08-05,Persistent explosions.
Pal Blast,Neutral,20,450,22.5,None,0,Wide beam,Long,Wide,Partial,No,,Yes,Boss / line damage,9,9,8.5,Heavy burst,Neutral aura,https://paldb.cc/en/Active_Skills,2026-08-05,Main generic Neutral endgame move.
Wholehearted Stance,Neutral,20,450,22.5,Counter,0,Counter stance,Melee,Single,Yes,Yes,Dogen,No,Defensive counter,9,8,6,Counter,Tank / defensive team,https://paldb.cc/en/Active_Skills,2026-08-05,Nullifies an incoming attack before countering.
Moonlight Beam,Neutral,30,600,20,Burn,100,Crescent beam,Long,Wide,Partial,Yes,Selyne,No,Exclusive ultimate,9.5,9.5,9,Ultimate,Neutral aura / Burn payoff,https://paldb.cc/en/Active_Skills,2026-08-05,Strong coverage and Burn.
Radiant Barrage,Neutral,30,700,23.33,None,0,Homing light barrage,Long,Large,Yes,No,,Limited,Endgame tracking nuke,9.5,9.5,9.5,Ultimate,Neutral amp,https://paldb.cc/en/Active_Skills,2026-08-05,High-end generic Neutral finisher.
