Pal,Primary Element,Secondary Element,Combat Tier,Primary Role,Combat Rating (/10),HP (PalDB max build),Attack (PalDB max build),Defense (PalDB max build),Firepower / Force,Legendary,Alpha Available,Raid Exclusive,Mount Type,Flying,Swimming,Partner Skill,Player Buff,Team Buff,Enemy Debuff,Element Conversion,Best Active Skills,Recommended Passives,Breeding Difficulty,Boss Score,Raid Score,Exploration Score,Overall Score,Notes,Roster Source,Stats Source,Data Date,
Aegidron,Dragon,Ground,A,Main DPS,8.3,,,,,,,,,,,,,,,,,,TBD (Phase 4),TBD,8.600000000000001,8.3,,8.3,Roster/elements cross-checked against current PalDB-derived index.,https://paldb.cc/fr/Pals,https://paldb.cc/fr/Pal_Stats,2026-08-05
Amione,Water,,D,Early-game / Niche,4.5,,,,,,,,,,,,,,,,,,TBD (Phase 4),TBD,4.5,4.5,,4.5,Roster/elements cross-checked against current PalDB-derived index.,https://paldb.cc/fr/Pals,https://paldb.cc/fr/Pal_Stats,2026-08-05
Anubis,Ground,,A,Main DPS,8.3,,,,,,,,,,,,,,,,,,TBD (Phase 4),TBD,8.600000000000001,8.3,,8.3,Roster/elements cross-checked against current PalDB-derived index.,https://paldb.cc/fr/Pals,https://paldb.cc/fr/Pal_Stats,2026-08-05
Arsox,Fire,,C,Utility / Specialist,5.8,,,,,,,,,,,,,,,,,,TBD (Phase 4),TBD,5.8,5.8,,5.8,Roster/elements cross-checked against current PalDB-derived index.,https://paldb.cc/fr/Pals,https://paldb.cc/fr/Pal_Stats,2026-08-05
Astegon,Dragon,Dark,A,Main DPS,8.3,,,,,,,,,,,,,,,,,,TBD (Phase 4),TBD,8.600000000000001,8.3,,8.3,Roster/elements cross-checked against current PalDB-derived index.,https://paldb.cc/fr/Pals,https://paldb.cc/fr/Pal_Stats,2026-08-05
Azurmane,Electric,,A,Main DPS,8.3,,,,,,,,,,,,,,,,,,TBD (Phase 4),TBD,8.600000000000001,8.3,,8.3,Roster/elements cross-checked against current PalDB-derived index.,https://paldb.cc/fr/Pals,https://paldb.cc/fr/Pal_Stats,2026-08-05
Azurobe,Water,Dragon,B,Secondary DPS / Utility,7.1,,,,,,,,,,,,,,,,,,TBD (Phase 4),TBD,7.1,7.1,,7.1,Roster/elements cross-checked against current PalDB-derived index.,https://paldb.cc/fr/Pals,https://paldb.cc/fr/Pal_Stats,2026-08-05
Azurobe Cryst,Ice,Dragon,B,Secondary DPS / Utility,7.1,,,,,,,,,,,,,,,,,,TBD (Phase 4),TBD,7.1,7.1,,7.1,Roster/elements cross-checked against current PalDB-derived index.,https://paldb.cc/fr/Pals,https://paldb.cc/fr/Pal_Stats,2026-08-05
Bakemi,Dark,,C,Utility / Specialist,5.8,,,,,,,,,,,,,,,,,,TBD (Phase 4),TBD,5.8,5.8,,5.8,Roster/elements cross-checked against current PalDB-derived index.,https://paldb.cc/fr/Pals,https://paldb.cc/fr/Pal_Stats,2026-08-05
Bastigor,Ice,,S,Main DPS,9.5,,,,,,,,,,,,,,,,,,TBD (Phase 4),TBD,9.8,9.7,,9.5,Roster/elements cross-checked against current PalDB-derived index.,https://paldb.cc/fr/Pals,https://paldb.cc/fr/Pal_Stats,2026-08-05
Beakon,Electric,,B,Secondary DPS / Utility,7.1,,,,,,,,,,,,,,,,,,TBD (Phase 4),TBD,7.1,7.1,,7.1,Roster/elements cross-checked against current PalDB-derived index.,https://paldb.cc/fr/Pals,https://paldb.cc/fr/Pal_Stats,2026-08-05
Beakon Cryst,Ice,,B,Secondary DPS / Utility,7.1,,,,,,,,,,,,,,,,,,TBD (Phase 4),TBD,7.1,7.1,,7.1,Roster/elements cross-checked against current PalDB-derived index.,https://paldb.cc/fr/Pals,https://paldb.cc/fr/Pal_Stats,2026-08-05
Beegarde,Grass,,C,Utility / Specialist,5.8,,,,,,,,,,,,,,,,,,TBD (Phase 4),TBD,5.8,5.8,,5.8,Roster/elements cross-checked against current PalDB-derived index.,https://paldb.cc/fr/Pals,https://paldb.cc/fr/Pal_Stats,2026-08-05
Bellanoir,Dark,,S,Main DPS,9.5,,,,,,,,,,,,,,,,,,TBD (Phase 4),TBD,9.8,9.7,,9.5,Roster/elements cross-checked against current PalDB-derived index.,https://paldb.cc/fr/Pals,https://paldb.cc/fr/Pal_Stats,2026-08-05
Bellanoir Libero,Dark,,A,Main DPS,8.3,,,,,,,,,,,,,,,,,,TBD (Phase 4),TBD,8.600000000000001,8.3,,8.3,Roster/elements cross-checked against current PalDB-derived index.,https://paldb.cc/fr/Pals,https://paldb.cc/fr/Pal_Stats,2026-08-05
Blazamut,Fire,,S,Main DPS,9.5,,,,,,,,,,,,,,,,,,TBD (Phase 4),TBD,9.8,9.7,,9.5,Roster/elements cross-checked against current PalDB-derived index.,https://paldb.cc/fr/Pals,https://paldb.cc/fr/Pal_Stats,2026-08-05
Blazamut Ryu,Dragon,Fire,S,Main DPS,9.5,,,,,,,,,,,,,,,,,,TBD (Phase 4),TBD,9.8,9.7,,9.5,Roster/elements cross-checked against current PalDB-derived index.,https://paldb.cc/fr/Pals,https://paldb.cc/fr/Pal_Stats,2026-08-05
Blazehowl,Fire,,B,Secondary DPS / Utility,7.1,,,,,,,,,,,,,,,,,,TBD (Phase 4),TBD,7.1,7.1,,7.1,Roster/elements cross-checked against current PalDB-derived index.,https://paldb.cc/fr/Pals,https://paldb.cc/fr/Pal_Stats,2026-08-05
Blazehowl Noct,Fire,Dark,B,Secondary DPS / Utility,7.1,,,,,,,,,,,,,,,,,,TBD (Phase 4),TBD,7.1,7.1,,7.1,Roster/elements cross-checked against current PalDB-derived index.,https://paldb.cc/fr/Pals,https://paldb.cc/fr/Pal_Stats,2026-08-05
Blue Slime,Water,,C,Utility / Specialist,5.8,,,,,,,,,,,,,,,,,,TBD (Phase 4),TBD,5.8,5.8,,5.8,Roster/elements cross-checked against current PalDB-derived index.,https://paldb.cc/fr/Pals,https://paldb.cc/fr/Pal_Stats,2026-08-05
Boltmane,Electric,,C,Utility / Specialist,5.8,,,,,,,,,,,,,,,,,,TBD (Phase 4),TBD,5.8,5.8,,5.8,Roster/elements cross-checked against current PalDB-derived index.,https://paldb.cc/fr/Pals,https://paldb.cc/fr/Pal_Stats,2026-08-05
Braloha,Grass,Ground,A,Main DPS,8.3,,,,,,,,,,,,,,,,,,TBD (Phase 4),TBD,8.600000000000001,8.3,,8.3,Roster/elements cross-checked against current PalDB-derived index.,https://paldb.cc/fr/Pals,https://paldb.cc/fr/Pal_Stats,2026-08-05
Bristla,Grass,,D,Early-game / Niche,4.5,,,,,,,,,,,,,,,,,,TBD (Phase 4),TBD,4.5,4.5,,4.5,Roster/elements cross-checked against current PalDB-derived index.,https://paldb.cc/fr/Pals,https://paldb.cc/fr/Pal_Stats,2026-08-05
Broncherry,Grass,,B,Secondary DPS / Utility,7.1,,,,,,,,,,,,,,,,,,TBD (Phase 4),TBD,7.1,7.1,,7.1,Roster/elements cross-checked against current PalDB-derived index.,https://paldb.cc/fr/Pals,https://paldb.cc/fr/Pal_Stats,2026-08-05
Broncherry Aqua,Grass,Water,B,Secondary DPS / Utility,7.1,,,,,,,,,,,,,,,,,,TBD (Phase 4),TBD,7.1,7.1,,7.1,Roster/elements cross-checked against current PalDB-derived index.,https://paldb.cc/fr/Pals,https://paldb.cc/fr/Pal_Stats,2026-08-05
Bulldosu,Ground,,B,Secondary DPS / Utility,7.1,,,,,,,,,,,,,,,,,,TBD (Phase 4),TBD,7.1,7.1,,7.1,Roster/elements cross-checked against current PalDB-derived index.,https://paldb.cc/fr/Pals,https://paldb.cc/fr/Pal_Stats,2026-08-05
Bushi,Fire,,C,Utility / Specialist,5.8,,,,,,,,,,,,,,,,,,TBD (Phase 4),TBD,5.8,5.8,,5.8,Roster/elements cross-checked against current PalDB-derived index.,https://paldb.cc/fr/Pals,https://paldb.cc/fr/Pal_Stats,2026-08-05
Bushi Noct,Fire,Dark,B,Secondary DPS / Utility,7.1,,,,,,,,,,,,,,,,,,TBD (Phase 4),TBD,7.1,7.1,,7.1,Roster/elements cross-checked against current PalDB-derived index.,https://paldb.cc/fr/Pals,https://paldb.cc/fr/Pal_Stats,2026-08-05
Caprity,Grass,,D,Early-game / Niche,4.5,,,,,,,,,,,,,,,,,,TBD (Phase 4),TBD,4.5,4.5,,4.5,Roster/elements cross-checked against current PalDB-derived index.,https://paldb.cc/fr/Pals,https://paldb.cc/fr/Pal_Stats,2026-08-05
Caprity Noct,Dark,,C,Utility / Specialist,5.8,,,,,,,,,,,,,,,,,,TBD (Phase 4),TBD,5.8,5.8,,5.8,Roster/elements cross-checked against current PalDB-derived index.,https://paldb.cc/fr/Pals,https://paldb.cc/fr/Pal_Stats,2026-08-05
Carnibora,Grass,,C,Utility / Specialist,5.8,,,,,,,,,,,,,,,,,,TBD (Phase 4),TBD,5.8,5.8,,5.8,Roster/elements cross-checked against current PalDB-derived index.,https://paldb.cc/fr/Pals,https://paldb.cc/fr/Pal_Stats,2026-08-05
Cattiva,Neutral,,D,Early-game / Niche,4.5,,,,,,,,,,,,,,,,,,TBD (Phase 4),TBD,4.5,4.5,,4.5,Roster/elements cross-checked against current PalDB-derived index.,https://paldb.cc/fr/Pals,https://paldb.cc/fr/Pal_Stats,2026-08-05
Cave Bat,Neutral,,D,Early-game / Niche,4.5,,,,,,,,,,,,,,,,,,TBD (Phase 4),TBD,4.5,4.5,,4.5,Roster/elements cross-checked against current PalDB-derived index.,https://paldb.cc/fr/Pals,https://paldb.cc/fr/Pal_Stats,2026-08-05
Cawgnito,Dark,,C,Utility / Specialist,5.8,,,,,,,,,,,,,,,,,,TBD (Phase 4),TBD,5.8,5.8,,5.8,Roster/elements cross-checked against current PalDB-derived index.,https://paldb.cc/fr/Pals,https://paldb.cc/fr/Pal_Stats,2026-08-05
Celaray,Water,,C,Utility / Specialist,5.8,,,,,,,,,,,,,,,,,,TBD (Phase 4),TBD,5.8,5.8,,5.8,Roster/elements cross-checked against current PalDB-derived index.,https://paldb.cc/fr/Pals,https://paldb.cc/fr/Pal_Stats,2026-08-05
Celaray Lux,Water,Electric,C,Utility / Specialist,5.8,,,,,,,,,,,,,,,,,,TBD (Phase 4),TBD,5.8,5.8,,5.8,Roster/elements cross-checked against current PalDB-derived index.,https://paldb.cc/fr/Pals,https://paldb.cc/fr/Pal_Stats,2026-08-05
Celesdir,Neutral,,B,Secondary DPS / Utility,7.1,,,,,,,,,,,,,,,,,,TBD (Phase 4),TBD,7.1,7.1,,7.1,Roster/elements cross-checked against current PalDB-derived index.,https://paldb.cc/fr/Pals,https://paldb.cc/fr/Pal_Stats,2026-08-05
Celesdir Noct,Dark,,B,Secondary DPS / Utility,7.1,,,,,,,,,,,,,,,,,,TBD (Phase 4),TBD,7.1,7.1,,7.1,Roster/elements cross-checked against current PalDB-derived index.,https://paldb.cc/fr/Pals,https://paldb.cc/fr/Pal_Stats,2026-08-05
Chikipi,Neutral,,D,Early-game / Niche,4.5,,,,,,,,,,,,,,,,,,TBD (Phase 4),TBD,4.5,4.5,,4.5,Roster/elements cross-checked against current PalDB-derived index.,https://paldb.cc/fr/Pals,https://paldb.cc/fr/Pal_Stats,2026-08-05
Chillet,Ice,Dragon,C,Utility / Specialist,5.8,,,,,,,,,,,,,,,,,,TBD (Phase 4),TBD,5.8,5.8,,5.8,Roster/elements cross-checked against current PalDB-derived index.,https://paldb.cc/fr/Pals,https://paldb.cc/fr/Pal_Stats,2026-08-05
Chillet Ignis,Fire,Dragon,C,Utility / Specialist,5.8,,,,,,,,,,,,,,,,,,TBD (Phase 4),TBD,5.8,5.8,,5.8,Roster/elements cross-checked against current PalDB-derived index.,https://paldb.cc/fr/Pals,https://paldb.cc/fr/Pal_Stats,2026-08-05
Cinnamoth,Grass,,C,Utility / Specialist,5.8,,,,,,,,,,,,,,,,,,TBD (Phase 4),TBD,5.8,5.8,,5.8,Roster/elements cross-checked against current PalDB-derived index.,https://paldb.cc/fr/Pals,https://paldb.cc/fr/Pal_Stats,2026-08-05
Clovee,Grass,Neutral,D,Early-game / Niche,4.5,,,,,,,,,,,,,,,,,,TBD (Phase 4),TBD,4.5,4.5,,4.5,Roster/elements cross-checked against current PalDB-derived index.,https://paldb.cc/fr/Pals,https://paldb.cc/fr/Pal_Stats,2026-08-05
Cremis,Neutral,,D,Early-game / Niche,4.5,,,,,,,,,,,,,,,,,,TBD (Phase 4),TBD,4.5,4.5,,4.5,Roster/elements cross-checked against current PalDB-derived index.,https://paldb.cc/fr/Pals,https://paldb.cc/fr/Pal_Stats,2026-08-05
Croajiro,Water,,C,Utility / Specialist,5.8,,,,,,,,,,,,,,,,,,TBD (Phase 4),TBD,5.8,5.8,,5.8,Roster/elements cross-checked against current PalDB-derived index.,https://paldb.cc/fr/Pals,https://paldb.cc/fr/Pal_Stats,2026-08-05
Croajiro Noct,Water,Dark,C,Utility / Specialist,5.8,,,,,,,,,,,,,,,,,,TBD (Phase 4),TBD,5.8,5.8,,5.8,Roster/elements cross-checked against current PalDB-derived index.,https://paldb.cc/fr/Pals,https://paldb.cc/fr/Pal_Stats,2026-08-05
Cryolinx,Ice,,A,Main DPS,8.3,,,,,,,,,,,,,,,,,,TBD (Phase 4),TBD,8.600000000000001,8.3,,8.3,Roster/elements cross-checked against current PalDB-derived index.,https://paldb.cc/fr/Pals,https://paldb.cc/fr/Pal_Stats,2026-08-05
Cryolinx Terra,Ground,,A,Main DPS,8.3,,,,,,,,,,,,,,,,,,TBD (Phase 4),TBD,8.600000000000001,8.3,,8.3,Roster/elements cross-checked against current PalDB-derived index.,https://paldb.cc/fr/Pals,https://paldb.cc/fr/Pal_Stats,2026-08-05
Daedream,Dark,,D,Early-game / Niche,4.5,,,,,,,,,,,,,,,,,,TBD (Phase 4),TBD,4.5,4.5,,4.5,Roster/elements cross-checked against current PalDB-derived index.,https://paldb.cc/fr/Pals,https://paldb.cc/fr/Pal_Stats,2026-08-05
Dandilord,Grass,Dark,A,Main DPS,8.3,,,,,,,,,,,,,,,,,,TBD (Phase 4),TBD,8.600000000000001,8.3,,8.3,Roster/elements cross-checked against current PalDB-derived index.,https://paldb.cc/fr/Pals,https://paldb.cc/fr/Pal_Stats,2026-08-05
Dazemu,Ground,,C,Utility / Specialist,5.8,,,,,,,,,,,,,,,,,,TBD (Phase 4),TBD,5.8,5.8,,5.8,Roster/elements cross-checked against current PalDB-derived index.,https://paldb.cc/fr/Pals,https://paldb.cc/fr/Pal_Stats,2026-08-05
Dazzi,Electric,,C,Utility / Specialist,5.8,,,,,,,,,,,,,,,,,,TBD (Phase 4),TBD,5.8,5.8,,5.8,Roster/elements cross-checked against current PalDB-derived index.,https://paldb.cc/fr/Pals,https://paldb.cc/fr/Pal_Stats,2026-08-05
Dazzi Noct,Dark,Electric,C,Utility / Specialist,5.8,,,,,,,,,,,,,,,,,,TBD (Phase 4),TBD,5.8,5.8,,5.8,Roster/elements cross-checked against current PalDB-derived index.,https://paldb.cc/fr/Pals,https://paldb.cc/fr/Pal_Stats,2026-08-05
Demon Eye,Dark,,B,Secondary DPS / Utility,7.1,,,,,,,,,,,,,,,,,,TBD (Phase 4),TBD,7.1,7.1,,7.1,Roster/elements cross-checked against current PalDB-derived index.,https://paldb.cc/fr/Pals,https://paldb.cc/fr/Pal_Stats,2026-08-05
Depresso,Dark,,D,Early-game / Niche,4.5,,,,,,,,,,,,,,,,,,TBD (Phase 4),TBD,4.5,4.5,,4.5,Roster/elements cross-checked against current PalDB-derived index.,https://paldb.cc/fr/Pals,https://paldb.cc/fr/Pal_Stats,2026-08-05
Digtoise,Ground,,B,Secondary DPS / Utility,7.1,,,,,,,,,,,,,,,,,,TBD (Phase 4),TBD,7.1,7.1,,7.1,Roster/elements cross-checked against current PalDB-derived index.,https://paldb.cc/fr/Pals,https://paldb.cc/fr/Pal_Stats,2026-08-05
Dinossom,Grass,Dragon,C,Utility / Specialist,5.8,,,,,,,,,,,,,,,,,,TBD (Phase 4),TBD,5.8,5.8,,5.8,Roster/elements cross-checked against current PalDB-derived index.,https://paldb.cc/fr/Pals,https://paldb.cc/fr/Pal_Stats,2026-08-05
Dinossom Lux,Electric,Dragon,C,Utility / Specialist,5.8,,,,,,,,,,,,,,,,,,TBD (Phase 4),TBD,5.8,5.8,,5.8,Roster/elements cross-checked against current PalDB-derived index.,https://paldb.cc/fr/Pals,https://paldb.cc/fr/Pal_Stats,2026-08-05
Direhowl,Neutral,,C,Utility / Specialist,5.8,,,,,,,,,,,,,,,,,,TBD (Phase 4),TBD,5.8,5.8,,5.8,Roster/elements cross-checked against current PalDB-derived index.,https://paldb.cc/fr/Pals,https://paldb.cc/fr/Pal_Stats,2026-08-05
Dogen,Neutral,,C,Utility / Specialist,5.8,,,,,,,,,,,,,,,,,,TBD (Phase 4),TBD,5.8,5.8,,5.8,Roster/elements cross-checked against current PalDB-derived index.,https://paldb.cc/fr/Pals,https://paldb.cc/fr/Pal_Stats,2026-08-05
Dragostrophe,Dark,Dragon,A,Main DPS,8.3,,,,,,,,,,,,,,,,,,TBD (Phase 4),TBD,8.600000000000001,8.3,,8.3,Roster/elements cross-checked against current PalDB-derived index.,https://paldb.cc/fr/Pals,https://paldb.cc/fr/Pal_Stats,2026-08-05
Dualith,Ground,Grass,A,Main DPS,8.3,,,,,,,,,,,,,,,,,,TBD (Phase 4),TBD,8.600000000000001,8.3,,8.3,Roster/elements cross-checked against current PalDB-derived index.,https://paldb.cc/fr/Pals,https://paldb.cc/fr/Pal_Stats,2026-08-05
Dualith Noct,Ground,Dark,A,Main DPS,8.3,,,,,,,,,,,,,,,,,,TBD (Phase 4),TBD,8.600000000000001,8.3,,8.3,Roster/elements cross-checked against current PalDB-derived index.,https://paldb.cc/fr/Pals,https://paldb.cc/fr/Pal_Stats,2026-08-05
Dumud,Ground,Water,C,Utility / Specialist,5.8,,,,,,,,,,,,,,,,,,TBD (Phase 4),TBD,5.8,5.8,,5.8,Roster/elements cross-checked against current PalDB-derived index.,https://paldb.cc/fr/Pals,https://paldb.cc/fr/Pal_Stats,2026-08-05
Dumud Gild,Ground,Water,B,Secondary DPS / Utility,7.1,,,,,,,,,,,,,,,,,,TBD (Phase 4),TBD,7.1,7.1,,7.1,Roster/elements cross-checked against current PalDB-derived index.,https://paldb.cc/fr/Pals,https://paldb.cc/fr/Pal_Stats,2026-08-05
Dupin,Fire,,B,Secondary DPS / Utility,7.1,,,,,,,,,,,,,,,,,,TBD (Phase 4),TBD,7.1,7.1,,7.1,Roster/elements cross-checked against current PalDB-derived index.,https://paldb.cc/fr/Pals,https://paldb.cc/fr/Pal_Stats,2026-08-05
Dynamoff,Electric,,C,Utility / Specialist,5.8,,,,,,,,,,,,,,,,,,TBD (Phase 4),TBD,5.8,5.8,,5.8,Roster/elements cross-checked against current PalDB-derived index.,https://paldb.cc/fr/Pals,https://paldb.cc/fr/Pal_Stats,2026-08-05
Eidrolon,Dragon,Dark,A,Main DPS,8.3,,,,,,,,,,,,,,,,,,TBD (Phase 4),TBD,8.600000000000001,8.3,,8.3,Roster/elements cross-checked against current PalDB-derived index.,https://paldb.cc/fr/Pals,https://paldb.cc/fr/Pal_Stats,2026-08-05
Eidrolon Ignis,Dragon,Fire,A,Main DPS,8.3,,,,,,,,,,,,,,,,,,TBD (Phase 4),TBD,8.600000000000001,8.3,,8.3,Roster/elements cross-checked against current PalDB-derived index.,https://paldb.cc/fr/Pals,https://paldb.cc/fr/Pal_Stats,2026-08-05
Eikthyrdeer,Neutral,,D,Early-game / Niche,4.5,,,,,,,,,,,,,,,,,,TBD (Phase 4),TBD,4.5,4.5,,4.5,Roster/elements cross-checked against current PalDB-derived index.,https://paldb.cc/fr/Pals,https://paldb.cc/fr/Pal_Stats,2026-08-05
Eikthyrdeer Terra,Ground,,D,Early-game / Niche,4.5,,,,,,,,,,,,,,,,,,TBD (Phase 4),TBD,4.5,4.5,,4.5,Roster/elements cross-checked against current PalDB-derived index.,https://paldb.cc/fr/Pals,https://paldb.cc/fr/Pal_Stats,2026-08-05
Elgrove,Grass,,B,Secondary DPS / Utility,7.1,,,,,,,,,,,,,,,,,,TBD (Phase 4),TBD,7.1,7.1,,7.1,Roster/elements cross-checked against current PalDB-derived index.,https://paldb.cc/fr/Pals,https://paldb.cc/fr/Pal_Stats,2026-08-05
Elgrove Cryst,Ice,,B,Secondary DPS / Utility,7.1,,,,,,,,,,,,,,,,,,TBD (Phase 4),TBD,7.1,7.1,,7.1,Roster/elements cross-checked against current PalDB-derived index.,https://paldb.cc/fr/Pals,https://paldb.cc/fr/Pal_Stats,2026-08-05
Elizabee,Grass,,B,Secondary DPS / Utility,7.1,,,,,,,,,,,,,,,,,,TBD (Phase 4),TBD,7.1,7.1,,7.1,Roster/elements cross-checked against current PalDB-derived index.,https://paldb.cc/fr/Pals,https://paldb.cc/fr/Pal_Stats,2026-08-05
Elphidran,Dragon,,C,Utility / Specialist,5.8,,,,,,,,,,,,,,,,,,TBD (Phase 4),TBD,5.8,5.8,,5.8,Roster/elements cross-checked against current PalDB-derived index.,https://paldb.cc/fr/Pals,https://paldb.cc/fr/Pal_Stats,2026-08-05
Elphidran Aqua,Dragon,Water,C,Utility / Specialist,5.8,,,,,,,,,,,,,,,,,,TBD (Phase 4),TBD,5.8,5.8,,5.8,Roster/elements cross-checked against current PalDB-derived index.,https://paldb.cc/fr/Pals,https://paldb.cc/fr/Pal_Stats,2026-08-05
Enchanted Sword,Neutral,,C,Utility / Specialist,5.8,,,,,,,,,,,,,,,,,,TBD (Phase 4),TBD,5.8,5.8,,5.8,Roster/elements cross-checked against current PalDB-derived index.,https://paldb.cc/fr/Pals,https://paldb.cc/fr/Pal_Stats,2026-08-05
Eye of Cthulhu,Dark,,B,Secondary DPS / Utility,7.1,,,,,,,,,,,,,,,,,,TBD (Phase 4),TBD,7.1,7.1,,7.1,Roster/elements cross-checked against current PalDB-derived index.,https://paldb.cc/fr/Pals,https://paldb.cc/fr/Pal_Stats,2026-08-05
Faleris,Fire,,B,Secondary DPS / Utility,7.1,,,,,,,,,,,,,,,,,,TBD (Phase 4),TBD,7.1,7.1,,7.1,Roster/elements cross-checked against current PalDB-derived index.,https://paldb.cc/fr/Pals,https://paldb.cc/fr/Pal_Stats,2026-08-05
Faleris Aqua,Water,,A,Main DPS,8.3,,,,,,,,,,,,,,,,,,TBD (Phase 4),TBD,8.600000000000001,8.3,,8.3,Roster/elements cross-checked against current PalDB-derived index.,https://paldb.cc/fr/Pals,https://paldb.cc/fr/Pal_Stats,2026-08-05
Felbat,Dark,,B,Secondary DPS / Utility,7.1,,,,,,,,,,,,,,,,,,TBD (Phase 4),TBD,7.1,7.1,,7.1,Roster/elements cross-checked against current PalDB-derived index.,https://paldb.cc/fr/Pals,https://paldb.cc/fr/Pal_Stats,2026-08-05
Fenglope,Neutral,,B,Secondary DPS / Utility,7.1,,,,,,,,,,,,,,,,,,TBD (Phase 4),TBD,7.1,7.1,,7.1,Roster/elements cross-checked against current PalDB-derived index.,https://paldb.cc/fr/Pals,https://paldb.cc/fr/Pal_Stats,2026-08-05
Fenglope Lux,Electric,,B,Secondary DPS / Utility,7.1,,,,,,,,,,,,,,,,,,TBD (Phase 4),TBD,7.1,7.1,,7.1,Roster/elements cross-checked against current PalDB-derived index.,https://paldb.cc/fr/Pals,https://paldb.cc/fr/Pal_Stats,2026-08-05
Finsider,Water,,C,Utility / Specialist,5.8,,,,,,,,,,,,,,,,,,TBD (Phase 4),TBD,5.8,5.8,,5.8,Roster/elements cross-checked against current PalDB-derived index.,https://paldb.cc/fr/Pals,https://paldb.cc/fr/Pal_Stats,2026-08-05
Finsider Ignis,Water,Fire,C,Utility / Specialist,5.8,,,,,,,,,,,,,,,,,,TBD (Phase 4),TBD,5.8,5.8,,5.8,Roster/elements cross-checked against current PalDB-derived index.,https://paldb.cc/fr/Pals,https://paldb.cc/fr/Pal_Stats,2026-08-05
Flambelle,Fire,,D,Early-game / Niche,4.5,,,,,,,,,,,,,,,,,,TBD (Phase 4),TBD,4.5,4.5,,4.5,Roster/elements cross-checked against current PalDB-derived index.,https://paldb.cc/fr/Pals,https://paldb.cc/fr/Pal_Stats,2026-08-05
Flaracle,Fire,,A,Main DPS,8.3,,,,,,,,,,,,,,,,,,TBD (Phase 4),TBD,8.600000000000001,8.3,,8.3,Roster/elements cross-checked against current PalDB-derived index.,https://paldb.cc/fr/Pals,https://paldb.cc/fr/Pal_Stats,2026-08-05
Flopie,Grass,,D,Early-game / Niche,4.5,,,,,,,,,,,,,,,,,,TBD (Phase 4),TBD,4.5,4.5,,4.5,Roster/elements cross-checked against current PalDB-derived index.,https://paldb.cc/fr/Pals,https://paldb.cc/fr/Pal_Stats,2026-08-05
Foxcicle,Ice,,B,Secondary DPS / Utility,7.1,,,,,,,,,,,,,,,,,,TBD (Phase 4),TBD,7.1,7.1,,7.1,Roster/elements cross-checked against current PalDB-derived index.,https://paldb.cc/fr/Pals,https://paldb.cc/fr/Pal_Stats,2026-08-05
Foxparks,Fire,,D,Early-game / Niche,4.5,,,,,,,,,,,,,,,,,,TBD (Phase 4),TBD,4.5,4.5,,4.5,Roster/elements cross-checked against current PalDB-derived index.,https://paldb.cc/fr/Pals,https://paldb.cc/fr/Pal_Stats,2026-08-05
Foxparks Cryst,Ice,,D,Early-game / Niche,4.5,,,,,,,,,,,,,,,,,,TBD (Phase 4),TBD,4.5,4.5,,4.5,Roster/elements cross-checked against current PalDB-derived index.,https://paldb.cc/fr/Pals,https://paldb.cc/fr/Pal_Stats,2026-08-05
Frostallion,Ice,,S,Main DPS,9.5,,,,,,,,,,,,,,,,,,TBD (Phase 4),TBD,9.8,9.7,,9.5,Roster/elements cross-checked against current PalDB-derived index.,https://paldb.cc/fr/Pals,https://paldb.cc/fr/Pal_Stats,2026-08-05
Frostallion Noct,Dark,,S,Main DPS,9.5,,,,,,,,,,,,,,,,,,TBD (Phase 4),TBD,9.8,9.7,,9.5,Roster/elements cross-checked against current PalDB-derived index.,https://paldb.cc/fr/Pals,https://paldb.cc/fr/Pal_Stats,2026-08-05
Frostplume,Ice,,B,Secondary DPS / Utility,7.1,,,,,,,,,,,,,,,,,,TBD (Phase 4),TBD,7.1,7.1,,7.1,Roster/elements cross-checked against current PalDB-derived index.,https://paldb.cc/fr/Pals,https://paldb.cc/fr/Pal_Stats,2026-08-05
Fuack,Water,,D,Early-game / Niche,4.5,,,,,,,,,,,,,,,,,,TBD (Phase 4),TBD,4.5,4.5,,4.5,Roster/elements cross-checked against current PalDB-derived index.,https://paldb.cc/fr/Pals,https://paldb.cc/fr/Pal_Stats,2026-08-05
Fuack Ignis,Water,Fire,D,Early-game / Niche,4.5,,,,,,,,,,,,,,,,,,TBD (Phase 4),TBD,4.5,4.5,,4.5,Roster/elements cross-checked against current PalDB-derived index.,https://paldb.cc/fr/Pals,https://paldb.cc/fr/Pal_Stats,2026-08-05
Fuddler,Ground,,D,Early-game / Niche,4.5,,,,,,,,,,,,,,,,,,TBD (Phase 4),TBD,4.5,4.5,,4.5,Roster/elements cross-checked against current PalDB-derived index.,https://paldb.cc/fr/Pals,https://paldb.cc/fr/Pal_Stats,2026-08-05
Galeclaw,Neutral,,C,Utility / Specialist,5.8,,,,,,,,,,,,,,,,,,TBD (Phase 4),TBD,5.8,5.8,,5.8,Roster/elements cross-checked against current PalDB-derived index.,https://paldb.cc/fr/Pals,https://paldb.cc/fr/Pal_Stats,2026-08-05
Ghangler,Dark,Water,B,Secondary DPS / Utility,7.1,,,,,,,,,,,,,,,,,,TBD (Phase 4),TBD,7.1,7.1,,7.1,Roster/elements cross-checked against current PalDB-derived index.,https://paldb.cc/fr/Pals,https://paldb.cc/fr/Pal_Stats,2026-08-05
Ghangler Ignis,Fire,Water,B,Secondary DPS / Utility,7.1,,,,,,,,,,,,,,,,,,TBD (Phase 4),TBD,7.1,7.1,,7.1,Roster/elements cross-checked against current PalDB-derived index.,https://paldb.cc/fr/Pals,https://paldb.cc/fr/Pal_Stats,2026-08-05
Gildane,Ground,,A,Main DPS,8.3,,,,,,,,,,,,,,,,,,TBD (Phase 4),TBD,8.600000000000001,8.3,,8.3,Roster/elements cross-checked against current PalDB-derived index.,https://paldb.cc/fr/Pals,https://paldb.cc/fr/Pal_Stats,2026-08-05
Gildra,Dark,Ground,B,Secondary DPS / Utility,7.1,,,,,,,,,,,,,,,,,,TBD (Phase 4),TBD,7.1,7.1,,7.1,Roster/elements cross-checked against current PalDB-derived index.,https://paldb.cc/fr/Pals,https://paldb.cc/fr/Pal_Stats,2026-08-05
Gloopie,Water,Dark,D,Early-game / Niche,4.5,,,,,,,,,,,,,,,,,,TBD (Phase 4),TBD,4.5,4.5,,4.5,Roster/elements cross-checked against current PalDB-derived index.,https://paldb.cc/fr/Pals,https://paldb.cc/fr/Pal_Stats,2026-08-05
Gloopie Primo,Water,Neutral,D,Early-game / Niche,4.5,,,,,,,,,,,,,,,,,,TBD (Phase 4),TBD,4.5,4.5,,4.5,Roster/elements cross-checked against current PalDB-derived index.,https://paldb.cc/fr/Pals,https://paldb.cc/fr/Pal_Stats,2026-08-05
Gobfin,Water,,C,Utility / Specialist,5.8,,,,,,,,,,,,,,,,,,TBD (Phase 4),TBD,5.8,5.8,,5.8,Roster/elements cross-checked against current PalDB-derived index.,https://paldb.cc/fr/Pals,https://paldb.cc/fr/Pal_Stats,2026-08-05
Gobfin Ignis,Fire,,C,Utility / Specialist,5.8,,,,,,,,,,,,,,,,,,TBD (Phase 4),TBD,5.8,5.8,,5.8,Roster/elements cross-checked against current PalDB-derived index.,https://paldb.cc/fr/Pals,https://paldb.cc/fr/Pal_Stats,2026-08-05
Gorirat,Neutral,,C,Utility / Specialist,5.8,,,,,,,,,,,,,,,,,,TBD (Phase 4),TBD,5.8,5.8,,5.8,Roster/elements cross-checked against current PalDB-derived index.,https://paldb.cc/fr/Pals,https://paldb.cc/fr/Pal_Stats,2026-08-05
Gorirat Terra,Ground,,C,Utility / Specialist,5.8,,,,,,,,,,,,,,,,,,TBD (Phase 4),TBD,5.8,5.8,,5.8,Roster/elements cross-checked against current PalDB-derived index.,https://paldb.cc/fr/Pals,https://paldb.cc/fr/Pal_Stats,2026-08-05
Green Slime,Grass,,D,Early-game / Niche,4.5,,,,,,,,,,,,,,,,,,TBD (Phase 4),TBD,4.5,4.5,,4.5,Roster/elements cross-checked against current PalDB-derived index.,https://paldb.cc/fr/Pals,https://paldb.cc/fr/Pal_Stats,2026-08-05
Grintale,Neutral,,C,Utility / Specialist,5.8,,,,,,,,,,,,,,,,,,TBD (Phase 4),TBD,5.8,5.8,,5.8,Roster/elements cross-checked against current PalDB-derived index.,https://paldb.cc/fr/Pals,https://paldb.cc/fr/Pal_Stats,2026-08-05
Grizzbolt,Electric,,A,Main DPS,8.3,,,,,,,,,,,,,,,,,,TBD (Phase 4),TBD,8.600000000000001,8.3,,8.3,Roster/elements cross-checked against current PalDB-derived index.,https://paldb.cc/fr/Pals,https://paldb.cc/fr/Pal_Stats,2026-08-05
Gumoss,Grass,Ground,D,Early-game / Niche,4.5,,,,,,,,,,,,,,,,,,TBD (Phase 4),TBD,4.5,4.5,,4.5,Roster/elements cross-checked against current PalDB-derived index.,https://paldb.cc/fr/Pals,https://paldb.cc/fr/Pal_Stats,2026-08-05
Hangyu,Ground,,D,Early-game / Niche,4.5,,,,,,,,,,,,,,,,,,TBD (Phase 4),TBD,4.5,4.5,,4.5,Roster/elements cross-checked against current PalDB-derived index.,https://paldb.cc/fr/Pals,https://paldb.cc/fr/Pal_Stats,2026-08-05
Hangyu Cryst,Ice,,D,Early-game / Niche,4.5,,,,,,,,,,,,,,,,,,TBD (Phase 4),TBD,4.5,4.5,,4.5,Roster/elements cross-checked against current PalDB-derived index.,https://paldb.cc/fr/Pals,https://paldb.cc/fr/Pal_Stats,2026-08-05
Hartalis,Neutral,,A,Main DPS,8.3,,,,,,,,,,,,,,,,,,TBD (Phase 4),TBD,8.600000000000001,8.3,,8.3,Roster/elements cross-checked against current PalDB-derived index.,https://paldb.cc/fr/Pals,https://paldb.cc/fr/Pal_Stats,2026-08-05
Helzephyr,Dark,,B,Secondary DPS / Utility,7.1,,,,,,,,,,,,,,,,,,TBD (Phase 4),TBD,7.1,7.1,,7.1,Roster/elements cross-checked against current PalDB-derived index.,https://paldb.cc/fr/Pals,https://paldb.cc/fr/Pal_Stats,2026-08-05
Helzephyr Lux,Dark,Electric,A,Main DPS,8.3,,,,,,,,,,,,,,,,,,TBD (Phase 4),TBD,8.600000000000001,8.3,,8.3,Roster/elements cross-checked against current PalDB-derived index.,https://paldb.cc/fr/Pals,https://paldb.cc/fr/Pal_Stats,2026-08-05
Herbil,Grass,Neutral,C,Utility / Specialist,5.8,,,,,,,,,,,,,,,,,,TBD (Phase 4),TBD,5.8,5.8,,5.8,Roster/elements cross-checked against current PalDB-derived index.,https://paldb.cc/fr/Pals,https://paldb.cc/fr/Pal_Stats,2026-08-05
Hoocrates,Dark,,D,Early-game / Niche,4.5,,,,,,,,,,,,,,,,,,TBD (Phase 4),TBD,4.5,4.5,,4.5,Roster/elements cross-checked against current PalDB-derived index.,https://paldb.cc/fr/Pals,https://paldb.cc/fr/Pal_Stats,2026-08-05
Hoodle,Dark,,C,Utility / Specialist,5.8,,,,,,,,,,,,,,,,,,TBD (Phase 4),TBD,5.8,5.8,,5.8,Roster/elements cross-checked against current PalDB-derived index.,https://paldb.cc/fr/Pals,https://paldb.cc/fr/Pal_Stats,2026-08-05
Icelyn,Ice,,B,Secondary DPS / Utility,7.1,,,,,,,,,,,,,,,,,,TBD (Phase 4),TBD,7.1,7.1,,7.1,Roster/elements cross-checked against current PalDB-derived index.,https://paldb.cc/fr/Pals,https://paldb.cc/fr/Pal_Stats,2026-08-05
Illuminant Bat,Neutral,,C,Utility / Specialist,5.8,,,,,,,,,,,,,,,,,,TBD (Phase 4),TBD,5.8,5.8,,5.8,Roster/elements cross-checked against current PalDB-derived index.,https://paldb.cc/fr/Pals,https://paldb.cc/fr/Pal_Stats,2026-08-05
Illuminant Slime,Neutral,,C,Utility / Specialist,5.8,,,,,,,,,,,,,,,,,,TBD (Phase 4),TBD,5.8,5.8,,5.8,Roster/elements cross-checked against current PalDB-derived index.,https://paldb.cc/fr/Pals,https://paldb.cc/fr/Pal_Stats,2026-08-05
Incineram,Fire,Dark,A,Main DPS,8.3,,,,,,,,,,,,,,,,,,TBD (Phase 4),TBD,8.600000000000001,8.3,,8.3,Roster/elements cross-checked against current PalDB-derived index.,https://paldb.cc/fr/Pals,https://paldb.cc/fr/Pal_Stats,2026-08-05
Incineram Noct,Dark,,A,Main DPS,8.3,,,,,,,,,,,,,,,,,,TBD (Phase 4),TBD,8.600000000000001,8.3,,8.3,Roster/elements cross-checked against current PalDB-derived index.,https://paldb.cc/fr/Pals,https://paldb.cc/fr/Pal_Stats,2026-08-05
Jelliette,Water,,D,Early-game / Niche,4.5,,,,,,,,,,,,,,,,,,TBD (Phase 4),TBD,4.5,4.5,,4.5,Roster/elements cross-checked against current PalDB-derived index.,https://paldb.cc/fr/Pals,https://paldb.cc/fr/Pal_Stats,2026-08-05
Jellroy,Water,Dark,C,Utility / Specialist,5.8,,,,,,,,,,,,,,,,,,TBD (Phase 4),TBD,5.8,5.8,,5.8,Roster/elements cross-checked against current PalDB-derived index.,https://paldb.cc/fr/Pals,https://paldb.cc/fr/Pal_Stats,2026-08-05
Jetragon,Dragon,,S,Main DPS,9.5,,,,,,,,,,,,,,,,,,TBD (Phase 4),TBD,9.8,9.7,,9.5,Roster/elements cross-checked against current PalDB-derived index.,https://paldb.cc/fr/Pals,https://paldb.cc/fr/Pal_Stats,2026-08-05
Jolthog,Electric,,D,Early-game / Niche,4.5,,,,,,,,,,,,,,,,,,TBD (Phase 4),TBD,4.5,4.5,,4.5,Roster/elements cross-checked against current PalDB-derived index.,https://paldb.cc/fr/Pals,https://paldb.cc/fr/Pal_Stats,2026-08-05
Jolthog Cryst,Ice,,D,Early-game / Niche,4.5,,,,,,,,,,,,,,,,,,TBD (Phase 4),TBD,4.5,4.5,,4.5,Roster/elements cross-checked against current PalDB-derived index.,https://paldb.cc/fr/Pals,https://paldb.cc/fr/Pal_Stats,2026-08-05
Jormuntide,Dragon,Water,S,Main DPS,9.5,,,,,,,,,,,,,,,,,,TBD (Phase 4),TBD,9.8,9.7,,9.5,Roster/elements cross-checked against current PalDB-derived index.,https://paldb.cc/fr/Pals,https://paldb.cc/fr/Pal_Stats,2026-08-05
Jormuntide Ignis,Dragon,Fire,S,Main DPS,9.5,,,,,,,,,,,,,,,,,,TBD (Phase 4),TBD,9.8,9.7,,9.5,Roster/elements cross-checked against current PalDB-derived index.,https://paldb.cc/fr/Pals,https://paldb.cc/fr/Pal_Stats,2026-08-05
Katress,Dark,,C,Utility / Specialist,5.8,,,,,,,,,,,,,,,,,,TBD (Phase 4),TBD,5.8,5.8,,5.8,Roster/elements cross-checked against current PalDB-derived index.,https://paldb.cc/fr/Pals,https://paldb.cc/fr/Pal_Stats,2026-08-05
Katress Ignis,Dark,Fire,C,Utility / Specialist,5.8,,,,,,,,,,,,,,,,,,TBD (Phase 4),TBD,5.8,5.8,,5.8,Roster/elements cross-checked against current PalDB-derived index.,https://paldb.cc/fr/Pals,https://paldb.cc/fr/Pal_Stats,2026-08-05
Kelpsea,Water,,D,Early-game / Niche,4.5,,,,,,,,,,,,,,,,,,TBD (Phase 4),TBD,4.5,4.5,,4.5,Roster/elements cross-checked against current PalDB-derived index.,https://paldb.cc/fr/Pals,https://paldb.cc/fr/Pal_Stats,2026-08-05
Kelpsea Ignis,Fire,,D,Early-game / Niche,4.5,,,,,,,,,,,,,,,,,,TBD (Phase 4),TBD,4.5,4.5,,4.5,Roster/elements cross-checked against current PalDB-derived index.,https://paldb.cc/fr/Pals,https://paldb.cc/fr/Pal_Stats,2026-08-05
Kikit,Ground,,C,Utility / Specialist,5.8,,,,,,,,,,,,,,,,,,TBD (Phase 4),TBD,5.8,5.8,,5.8,Roster/elements cross-checked against current PalDB-derived index.,https://paldb.cc/fr/Pals,https://paldb.cc/fr/Pal_Stats,2026-08-05
Killamari,Dark,Water,D,Early-game / Niche,4.5,,,,,,,,,,,,,,,,,,TBD (Phase 4),TBD,4.5,4.5,,4.5,Roster/elements cross-checked against current PalDB-derived index.,https://paldb.cc/fr/Pals,https://paldb.cc/fr/Pal_Stats,2026-08-05
Killamari Primo,Neutral,Water,D,Early-game / Niche,4.5,,,,,,,,,,,,,,,,,,TBD (Phase 4),TBD,4.5,4.5,,4.5,Roster/elements cross-checked against current PalDB-derived index.,https://paldb.cc/fr/Pals,https://paldb.cc/fr/Pal_Stats,2026-08-05
Kingpaca,Neutral,,B,Secondary DPS / Utility,7.1,,,,,,,,,,,,,,,,,,TBD (Phase 4),TBD,7.1,7.1,,7.1,Roster/elements cross-checked against current PalDB-derived index.,https://paldb.cc/fr/Pals,https://paldb.cc/fr/Pal_Stats,2026-08-05
Kingpaca Cryst,Ice,,B,Secondary DPS / Utility,7.1,,,,,,,,,,,,,,,,,,TBD (Phase 4),TBD,7.1,7.1,,7.1,Roster/elements cross-checked against current PalDB-derived index.,https://paldb.cc/fr/Pals,https://paldb.cc/fr/Pal_Stats,2026-08-05
Kitsun,Fire,,B,Secondary DPS / Utility,7.1,,,,,,,,,,,,,,,,,,TBD (Phase 4),TBD,7.1,7.1,,7.1,Roster/elements cross-checked against current PalDB-derived index.,https://paldb.cc/fr/Pals,https://paldb.cc/fr/Pal_Stats,2026-08-05
Kitsun Noct,Dark,,B,Secondary DPS / Utility,7.1,,,,,,,,,,,,,,,,,,TBD (Phase 4),TBD,7.1,7.1,,7.1,Roster/elements cross-checked against current PalDB-derived index.,https://paldb.cc/fr/Pals,https://paldb.cc/fr/Pal_Stats,2026-08-05
Knocklem,Ground,,A,Main DPS,8.3,,,,,,,,,,,,,,,,,,TBD (Phase 4),TBD,8.600000000000001,8.3,,8.3,Roster/elements cross-checked against current PalDB-derived index.,https://paldb.cc/fr/Pals,https://paldb.cc/fr/Pal_Stats,2026-08-05
Knocklem Ignis,Fire,,A,Main DPS,8.3,,,,,,,,,,,,,,,,,,TBD (Phase 4),TBD,8.600000000000001,8.3,,8.3,Roster/elements cross-checked against current PalDB-derived index.,https://paldb.cc/fr/Pals,https://paldb.cc/fr/Pal_Stats,2026-08-05
Lamball,Neutral,,D,Early-game / Niche,4.5,,,,,,,,,,,,,,,,,,TBD (Phase 4),TBD,4.5,4.5,,4.5,Roster/elements cross-checked against current PalDB-derived index.,https://paldb.cc/fr/Pals,https://paldb.cc/fr/Pal_Stats,2026-08-05
Lapiron,Ground,,C,Utility / Specialist,5.8,,,,,,,,,,,,,,,,,,TBD (Phase 4),TBD,5.8,5.8,,5.8,Roster/elements cross-checked against current PalDB-derived index.,https://paldb.cc/fr/Pals,https://paldb.cc/fr/Pal_Stats,2026-08-05
Lapure,Neutral,,B,Secondary DPS / Utility,7.1,,,,,,,,,,,,,,,,,,TBD (Phase 4),TBD,7.1,7.1,,7.1,Roster/elements cross-checked against current PalDB-derived index.,https://paldb.cc/fr/Pals,https://paldb.cc/fr/Pal_Stats,2026-08-05
Leafan,Grass,,B,Secondary DPS / Utility,7.1,,,,,,,,,,,,,,,,,,TBD (Phase 4),TBD,7.1,7.1,,7.1,Roster/elements cross-checked against current PalDB-derived index.,https://paldb.cc/fr/Pals,https://paldb.cc/fr/Pal_Stats,2026-08-05
Leezpunk,Dark,,D,Early-game / Niche,4.5,,,,,,,,,,,,,,,,,,TBD (Phase 4),TBD,4.5,4.5,,4.5,Roster/elements cross-checked against current PalDB-derived index.,https://paldb.cc/fr/Pals,https://paldb.cc/fr/Pal_Stats,2026-08-05
Leezpunk Ignis,Fire,,D,Early-game / Niche,4.5,,,,,,,,,,,,,,,,,,TBD (Phase 4),TBD,4.5,4.5,,4.5,Roster/elements cross-checked against current PalDB-derived index.,https://paldb.cc/fr/Pals,https://paldb.cc/fr/Pal_Stats,2026-08-05
Lifmunk,Grass,,D,Early-game / Niche,4.5,,,,,,,,,,,,,,,,,,TBD (Phase 4),TBD,4.5,4.5,,4.5,Roster/elements cross-checked against current PalDB-derived index.,https://paldb.cc/fr/Pals,https://paldb.cc/fr/Pal_Stats,2026-08-05
Loomen,Dark,Fire,C,Utility / Specialist,5.8,,,,,,,,,,,,,,,,,,TBD (Phase 4),TBD,5.8,5.8,,5.8,Roster/elements cross-checked against current PalDB-derived index.,https://paldb.cc/fr/Pals,https://paldb.cc/fr/Pal_Stats,2026-08-05
Loupmoon,Dark,,B,Secondary DPS / Utility,7.1,,,,,,,,,,,,,,,,,,TBD (Phase 4),TBD,7.1,7.1,,7.1,Roster/elements cross-checked against current PalDB-derived index.,https://paldb.cc/fr/Pals,https://paldb.cc/fr/Pal_Stats,2026-08-05
Loupmoon Cryst,Ice,,B,Secondary DPS / Utility,7.1,,,,,,,,,,,,,,,,,,TBD (Phase 4),TBD,7.1,7.1,,7.1,Roster/elements cross-checked against current PalDB-derived index.,https://paldb.cc/fr/Pals,https://paldb.cc/fr/Pal_Stats,2026-08-05
Lovander,Dark,,D,Early-game / Niche,4.5,,,,,,,,,,,,,,,,,,TBD (Phase 4),TBD,4.5,4.5,,4.5,Roster/elements cross-checked against current PalDB-derived index.,https://paldb.cc/fr/Pals,https://paldb.cc/fr/Pal_Stats,2026-08-05
Lullu,Grass,,C,Utility / Specialist,5.8,,,,,,,,,,,,,,,,,,TBD (Phase 4),TBD,5.8,5.8,,5.8,Roster/elements cross-checked against current PalDB-derived index.,https://paldb.cc/fr/Pals,https://paldb.cc/fr/Pal_Stats,2026-08-05
Lunaris,Neutral,,C,Utility / Specialist,5.8,,,,,,,,,,,,,,,,,,TBD (Phase 4),TBD,5.8,5.8,,5.8,Roster/elements cross-checked against current PalDB-derived index.,https://paldb.cc/fr/Pals,https://paldb.cc/fr/Pal_Stats,2026-08-05
Lyleen,Grass,,A,Main DPS,8.3,,,,,,,,,,,,,,,,,,TBD (Phase 4),TBD,8.600000000000001,8.3,,8.3,Roster/elements cross-checked against current PalDB-derived index.,https://paldb.cc/fr/Pals,https://paldb.cc/fr/Pal_Stats,2026-08-05
Lyleen Noct,Dark,,A,Main DPS,8.3,,,,,,,,,,,,,,,,,,TBD (Phase 4),TBD,8.600000000000001,8.3,,8.3,Roster/elements cross-checked against current PalDB-derived index.,https://paldb.cc/fr/Pals,https://paldb.cc/fr/Pal_Stats,2026-08-05
Majex,Dark,Fire,B,Secondary DPS / Utility,7.1,,,,,,,,,,,,,,,,,,TBD (Phase 4),TBD,7.1,7.1,,7.1,Roster/elements cross-checked against current PalDB-derived index.,https://paldb.cc/fr/Pals,https://paldb.cc/fr/Pal_Stats,2026-08-05
Mammorest,Grass,Ground,B,Secondary DPS / Utility,7.1,,,,,,,,,,,,,,,,,,TBD (Phase 4),TBD,7.1,7.1,,7.1,Roster/elements cross-checked against current PalDB-derived index.,https://paldb.cc/fr/Pals,https://paldb.cc/fr/Pal_Stats,2026-08-05
Mammorest Cryst,Ice,Ground,B,Secondary DPS / Utility,7.1,,,,,,,,,,,,,,,,,,TBD (Phase 4),TBD,7.1,7.1,,7.1,Roster/elements cross-checked against current PalDB-derived index.,https://paldb.cc/fr/Pals,https://paldb.cc/fr/Pal_Stats,2026-08-05
Maraith,Dark,,C,Utility / Specialist,5.8,,,,,,,,,,,,,,,,,,TBD (Phase 4),TBD,5.8,5.8,,5.8,Roster/elements cross-checked against current PalDB-derived index.,https://paldb.cc/fr/Pals,https://paldb.cc/fr/Pal_Stats,2026-08-05
Mau,Dark,,D,Early-game / Niche,4.5,,,,,,,,,,,,,,,,,,TBD (Phase 4),TBD,4.5,4.5,,4.5,Roster/elements cross-checked against current PalDB-derived index.,https://paldb.cc/fr/Pals,https://paldb.cc/fr/Pal_Stats,2026-08-05
Mau Cryst,Ice,,D,Early-game / Niche,4.5,,,,,,,,,,,,,,,,,,TBD (Phase 4),TBD,4.5,4.5,,4.5,Roster/elements cross-checked against current PalDB-derived index.,https://paldb.cc/fr/Pals,https://paldb.cc/fr/Pal_Stats,2026-08-05
Melpaca,Neutral,,C,Utility / Specialist,5.8,,,,,,,,,,,,,,,,,,TBD (Phase 4),TBD,5.8,5.8,,5.8,Roster/elements cross-checked against current PalDB-derived index.,https://paldb.cc/fr/Pals,https://paldb.cc/fr/Pal_Stats,2026-08-05
Menasting,Dark,Ground,B,Secondary DPS / Utility,7.1,,,,,,,,,,,,,,,,,,TBD (Phase 4),TBD,7.1,7.1,,7.1,Roster/elements cross-checked against current PalDB-derived index.,https://paldb.cc/fr/Pals,https://paldb.cc/fr/Pal_Stats,2026-08-05
Menasting Terra,Ground,,A,Main DPS,8.3,,,,,,,,,,,,,,,,,,TBD (Phase 4),TBD,8.600000000000001,8.3,,8.3,Roster/elements cross-checked against current PalDB-derived index.,https://paldb.cc/fr/Pals,https://paldb.cc/fr/Pal_Stats,2026-08-05
Mimog,Neutral,,B,Secondary DPS / Utility,7.1,,,,,,,,,,,,,,,,,,TBD (Phase 4),TBD,7.1,7.1,,7.1,Roster/elements cross-checked against current PalDB-derived index.,https://paldb.cc/fr/Pals,https://paldb.cc/fr/Pal_Stats,2026-08-05
Moldron,Fire,Ground,A,Main DPS,8.3,,,,,,,,,,,,,,,,,,TBD (Phase 4),TBD,8.600000000000001,8.3,,8.3,Roster/elements cross-checked against current PalDB-derived index.,https://paldb.cc/fr/Pals,https://paldb.cc/fr/Pal_Stats,2026-08-05
Moldron Cryst,Ice,Ground,A,Main DPS,8.3,,,,,,,,,,,,,,,,,,TBD (Phase 4),TBD,8.600000000000001,8.3,,8.3,Roster/elements cross-checked against current PalDB-derived index.,https://paldb.cc/fr/Pals,https://paldb.cc/fr/Pal_Stats,2026-08-05
Mossanda,Grass,,C,Utility / Specialist,5.8,,,,,,,,,,,,,,,,,,TBD (Phase 4),TBD,5.8,5.8,,5.8,Roster/elements cross-checked against current PalDB-derived index.,https://paldb.cc/fr/Pals,https://paldb.cc/fr/Pal_Stats,2026-08-05
Mossanda Lux,Electric,,B,Secondary DPS / Utility,7.1,,,,,,,,,,,,,,,,,,TBD (Phase 4),TBD,7.1,7.1,,7.1,Roster/elements cross-checked against current PalDB-derived index.,https://paldb.cc/fr/Pals,https://paldb.cc/fr/Pal_Stats,2026-08-05
Mozzarina,Neutral,,C,Utility / Specialist,5.8,,,,,,,,,,,,,,,,,,TBD (Phase 4),TBD,5.8,5.8,,5.8,Roster/elements cross-checked against current PalDB-derived index.,https://paldb.cc/fr/Pals,https://paldb.cc/fr/Pal_Stats,2026-08-05
Muffly,Ice,,D,Early-game / Niche,4.5,,,,,,,,,,,,,,,,,,TBD (Phase 4),TBD,4.5,4.5,,4.5,Roster/elements cross-checked against current PalDB-derived index.,https://paldb.cc/fr/Pals,https://paldb.cc/fr/Pal_Stats,2026-08-05
Munchill,Ice,Water,C,Utility / Specialist,5.8,,,,,,,,,,,,,,,,,,TBD (Phase 4),TBD,5.8,5.8,,5.8,Roster/elements cross-checked against current PalDB-derived index.,https://paldb.cc/fr/Pals,https://paldb.cc/fr/Pal_Stats,2026-08-05
Mycora,Grass,,C,Utility / Specialist,5.8,,,,,,,,,,,,,,,,,,TBD (Phase 4),TBD,5.8,5.8,,5.8,Roster/elements cross-checked against current PalDB-derived index.,https://paldb.cc/fr/Pals,https://paldb.cc/fr/Pal_Stats,2026-08-05
Necromus,Dark,,S,Main DPS,9.5,,,,,,,,,,,,,,,,,,TBD (Phase 4),TBD,9.8,9.7,,9.5,Roster/elements cross-checked against current PalDB-derived index.,https://paldb.cc/fr/Pals,https://paldb.cc/fr/Pal_Stats,2026-08-05
Needoll,Grass,,D,Early-game / Niche,4.5,,,,,,,,,,,,,,,,,,TBD (Phase 4),TBD,4.5,4.5,,4.5,Roster/elements cross-checked against current PalDB-derived index.,https://paldb.cc/fr/Pals,https://paldb.cc/fr/Pal_Stats,2026-08-05
Needoll Noct,Dark,Grass,D,Early-game / Niche,4.5,,,,,,,,,,,,,,,,,,TBD (Phase 4),TBD,4.5,4.5,,4.5,Roster/elements cross-checked against current PalDB-derived index.,https://paldb.cc/fr/Pals,https://paldb.cc/fr/Pal_Stats,2026-08-05
Neptilius,Water,,S,Main DPS,9.5,,,,,,,,,,,,,,,,,,TBD (Phase 4),TBD,9.8,9.7,,9.5,Roster/elements cross-checked against current PalDB-derived index.,https://paldb.cc/fr/Pals,https://paldb.cc/fr/Pal_Stats,2026-08-05
Nitemary,Dark,,B,Secondary DPS / Utility,7.1,,,,,,,,,,,,,,,,,,TBD (Phase 4),TBD,7.1,7.1,,7.1,Roster/elements cross-checked against current PalDB-derived index.,https://paldb.cc/fr/Pals,https://paldb.cc/fr/Pal_Stats,2026-08-05
Nitemary Botan,Grass,,B,Secondary DPS / Utility,7.1,,,,,,,,,,,,,,,,,,TBD (Phase 4),TBD,7.1,7.1,,7.1,Roster/elements cross-checked against current PalDB-derived index.,https://paldb.cc/fr/Pals,https://paldb.cc/fr/Pal_Stats,2026-08-05
Nitewing,Neutral,,C,Utility / Specialist,5.8,,,,,,,,,,,,,,,,,,TBD (Phase 4),TBD,5.8,5.8,,5.8,Roster/elements cross-checked against current PalDB-derived index.,https://paldb.cc/fr/Pals,https://paldb.cc/fr/Pal_Stats,2026-08-05
Nox,Dark,,D,Early-game / Niche,4.5,,,,,,,,,,,,,,,,,,TBD (Phase 4),TBD,4.5,4.5,,4.5,Roster/elements cross-checked against current PalDB-derived index.,https://paldb.cc/fr/Pals,https://paldb.cc/fr/Pal_Stats,2026-08-05
Nyafia,Dark,,B,Secondary DPS / Utility,7.1,,,,,,,,,,,,,,,,,,TBD (Phase 4),TBD,7.1,7.1,,7.1,Roster/elements cross-checked against current PalDB-derived index.,https://paldb.cc/fr/Pals,https://paldb.cc/fr/Pal_Stats,2026-08-05
Omascul,Dark,,B,Secondary DPS / Utility,7.1,,,,,,,,,,,,,,,,,,TBD (Phase 4),TBD,7.1,7.1,,7.1,Roster/elements cross-checked against current PalDB-derived index.,https://paldb.cc/fr/Pals,https://paldb.cc/fr/Pal_Stats,2026-08-05
Ophydia,Grass,Water,A,Main DPS,8.3,,,,,,,,,,,,,,,,,,TBD (Phase 4),TBD,8.600000000000001,8.3,,8.3,Roster/elements cross-checked against current PalDB-derived index.,https://paldb.cc/fr/Pals,https://paldb.cc/fr/Pal_Stats,2026-08-05
Orserk,Dragon,Electric,A,Main DPS,8.3,,,,,,,,,,,,,,,,,,TBD (Phase 4),TBD,8.600000000000001,8.3,,8.3,Roster/elements cross-checked against current PalDB-derived index.,https://paldb.cc/fr/Pals,https://paldb.cc/fr/Pal_Stats,2026-08-05
Paladius,Neutral,,S,Main DPS,9.5,,,,,,,,,,,,,,,,,,TBD (Phase 4),TBD,9.8,9.7,,9.5,Roster/elements cross-checked against current PalDB-derived index.,https://paldb.cc/fr/Pals,https://paldb.cc/fr/Pal_Stats,2026-08-05
Palumba,Grass,,B,Secondary DPS / Utility,7.1,,,,,,,,,,,,,,,,,,TBD (Phase 4),TBD,7.1,7.1,,7.1,Roster/elements cross-checked against current PalDB-derived index.,https://paldb.cc/fr/Pals,https://paldb.cc/fr/Pal_Stats,2026-08-05
Panthalus,Water,,S,Main DPS,9.5,,,,,,,,,,,,,,,,,,TBD (Phase 4),TBD,9.8,9.7,,9.5,Roster/elements cross-checked against current PalDB-derived index.,https://paldb.cc/fr/Pals,https://paldb.cc/fr/Pal_Stats,2026-08-05
Pengullet,Water,Ice,D,Early-game / Niche,4.5,,,,,,,,,,,,,,,,,,TBD (Phase 4),TBD,4.5,4.5,,4.5,Roster/elements cross-checked against current PalDB-derived index.,https://paldb.cc/fr/Pals,https://paldb.cc/fr/Pal_Stats,2026-08-05
Pengullet Lux,Water,Electric,D,Early-game / Niche,4.5,,,,,,,,,,,,,,,,,,TBD (Phase 4),TBD,4.5,4.5,,4.5,Roster/elements cross-checked against current PalDB-derived index.,https://paldb.cc/fr/Pals,https://paldb.cc/fr/Pal_Stats,2026-08-05
Penking,Water,Ice,C,Utility / Specialist,5.8,,,,,,,,,,,,,,,,,,TBD (Phase 4),TBD,5.8,5.8,,5.8,Roster/elements cross-checked against current PalDB-derived index.,https://paldb.cc/fr/Pals,https://paldb.cc/fr/Pal_Stats,2026-08-05
Penking Lux,Water,Electric,B,Secondary DPS / Utility,7.1,,,,,,,,,,,,,,,,,,TBD (Phase 4),TBD,7.1,7.1,,7.1,Roster/elements cross-checked against current PalDB-derived index.,https://paldb.cc/fr/Pals,https://paldb.cc/fr/Pal_Stats,2026-08-05
Petallia,Grass,,B,Secondary DPS / Utility,7.1,,,,,,,,,,,,,,,,,,TBD (Phase 4),TBD,7.1,7.1,,7.1,Roster/elements cross-checked against current PalDB-derived index.,https://paldb.cc/fr/Pals,https://paldb.cc/fr/Pal_Stats,2026-08-05
Petallia Ignis,Grass,Fire,B,Secondary DPS / Utility,7.1,,,,,,,,,,,,,,,,,,TBD (Phase 4),TBD,7.1,7.1,,7.1,Roster/elements cross-checked against current PalDB-derived index.,https://paldb.cc/fr/Pals,https://paldb.cc/fr/Pal_Stats,2026-08-05
Pierdon,Ground,,B,Secondary DPS / Utility,7.1,,,,,,,,,,,,,,,,,,TBD (Phase 4),TBD,7.1,7.1,,7.1,Roster/elements cross-checked against current PalDB-derived index.,https://paldb.cc/fr/Pals,https://paldb.cc/fr/Pal_Stats,2026-08-05
Pierdon Cryst,Ice,,B,Secondary DPS / Utility,7.1,,,,,,,,,,,,,,,,,,TBD (Phase 4),TBD,7.1,7.1,,7.1,Roster/elements cross-checked against current PalDB-derived index.,https://paldb.cc/fr/Pals,https://paldb.cc/fr/Pal_Stats,2026-08-05
Polapup,Ice,Water,B,Secondary DPS / Utility,7.1,,,,,,,,,,,,,,,,,,TBD (Phase 4),TBD,7.1,7.1,,7.1,Roster/elements cross-checked against current PalDB-derived index.,https://paldb.cc/fr/Pals,https://paldb.cc/fr/Pal_Stats,2026-08-05
Polapup Terra,Ice,Ground,B,Secondary DPS / Utility,7.1,,,,,,,,,,,,,,,,,,TBD (Phase 4),TBD,7.1,7.1,,7.1,Roster/elements cross-checked against current PalDB-derived index.,https://paldb.cc/fr/Pals,https://paldb.cc/fr/Pal_Stats,2026-08-05
Prixter,Dark,Ground,C,Utility / Specialist,5.8,,,,,,,,,,,,,,,,,,TBD (Phase 4),TBD,5.8,5.8,,5.8,Roster/elements cross-checked against current PalDB-derived index.,https://paldb.cc/fr/Pals,https://paldb.cc/fr/Pal_Stats,2026-08-05
Prixter Lux,Electric,Ground,B,Secondary DPS / Utility,7.1,,,,,,,,,,,,,,,,,,TBD (Phase 4),TBD,7.1,7.1,,7.1,Roster/elements cross-checked against current PalDB-derived index.,https://paldb.cc/fr/Pals,https://paldb.cc/fr/Pal_Stats,2026-08-05
Prunelia,Grass,Dark,B,Secondary DPS / Utility,7.1,,,,,,,,,,,,,,,,,,TBD (Phase 4),TBD,7.1,7.1,,7.1,Roster/elements cross-checked against current PalDB-derived index.,https://paldb.cc/fr/Pals,https://paldb.cc/fr/Pal_Stats,2026-08-05
Puffolt,Electric,,D,Early-game / Niche,4.5,,,,,,,,,,,,,,,,,,TBD (Phase 4),TBD,4.5,4.5,,4.5,Roster/elements cross-checked against current PalDB-derived index.,https://paldb.cc/fr/Pals,https://paldb.cc/fr/Pal_Stats,2026-08-05
Pupperai,Ground,,D,Early-game / Niche,4.5,,,,,,,,,,,,,,,,,,TBD (Phase 4),TBD,4.5,4.5,,4.5,Roster/elements cross-checked against current PalDB-derived index.,https://paldb.cc/fr/Pals,https://paldb.cc/fr/Pal_Stats,2026-08-05
Purple Slime,Dark,,C,Utility / Specialist,5.8,,,,,,,,,,,,,,,,,,TBD (Phase 4),TBD,5.8,5.8,,5.8,Roster/elements cross-checked against current PalDB-derived index.,https://paldb.cc/fr/Pals,https://paldb.cc/fr/Pal_Stats,2026-08-05
Pyrin,Fire,,B,Secondary DPS / Utility,7.1,,,,,,,,,,,,,,,,,,TBD (Phase 4),TBD,7.1,7.1,,7.1,Roster/elements cross-checked against current PalDB-derived index.,https://paldb.cc/fr/Pals,https://paldb.cc/fr/Pal_Stats,2026-08-05
Pyrin Noct,Fire,Dark,B,Secondary DPS / Utility,7.1,,,,,,,,,,,,,,,,,,TBD (Phase 4),TBD,7.1,7.1,,7.1,Roster/elements cross-checked against current PalDB-derived index.,https://paldb.cc/fr/Pals,https://paldb.cc/fr/Pal_Stats,2026-08-05
Quivern,Dragon,,B,Secondary DPS / Utility,7.1,,,,,,,,,,,,,,,,,,TBD (Phase 4),TBD,7.1,7.1,,7.1,Roster/elements cross-checked against current PalDB-derived index.,https://paldb.cc/fr/Pals,https://paldb.cc/fr/Pal_Stats,2026-08-05
Quivern Botan,Dragon,Grass,B,Secondary DPS / Utility,7.1,,,,,,,,,,,,,,,,,,TBD (Phase 4),TBD,7.1,7.1,,7.1,Roster/elements cross-checked against current PalDB-derived index.,https://paldb.cc/fr/Pals,https://paldb.cc/fr/Pal_Stats,2026-08-05
Ragnahawk,Fire,,B,Secondary DPS / Utility,7.1,,,,,,,,,,,,,,,,,,TBD (Phase 4),TBD,7.1,7.1,,7.1,Roster/elements cross-checked against current PalDB-derived index.,https://paldb.cc/fr/Pals,https://paldb.cc/fr/Pal_Stats,2026-08-05
Rainbow Slime,Neutral,,B,Secondary DPS / Utility,7.1,,,,,,,,,,,,,,,,,,TBD (Phase 4),TBD,7.1,7.1,,7.1,Roster/elements cross-checked against current PalDB-derived index.,https://paldb.cc/fr/Pals,https://paldb.cc/fr/Pal_Stats,2026-08-05
Rayhound,Electric,,C,Utility / Specialist,5.8,,,,,,,,,,,,,,,,,,TBD (Phase 4),TBD,5.8,5.8,,5.8,Roster/elements cross-checked against current PalDB-derived index.,https://paldb.cc/fr/Pals,https://paldb.cc/fr/Pal_Stats,2026-08-05
Rayhound Cryst,Ice,,C,Utility / Specialist,5.8,,,,,,,,,,,,,,,,,,TBD (Phase 4),TBD,5.8,5.8,,5.8,Roster/elements cross-checked against current PalDB-derived index.,https://paldb.cc/fr/Pals,https://paldb.cc/fr/Pal_Stats,2026-08-05
Red Slime,Fire,,C,Utility / Specialist,5.8,,,,,,,,,,,,,,,,,,TBD (Phase 4),TBD,5.8,5.8,,5.8,Roster/elements cross-checked against current PalDB-derived index.,https://paldb.cc/fr/Pals,https://paldb.cc/fr/Pal_Stats,2026-08-05
Reindrix,Ice,,C,Utility / Specialist,5.8,,,,,,,,,,,,,,,,,,TBD (Phase 4),TBD,5.8,5.8,,5.8,Roster/elements cross-checked against current PalDB-derived index.,https://paldb.cc/fr/Pals,https://paldb.cc/fr/Pal_Stats,2026-08-05
Relaxaurus,Dragon,Water,A,Main DPS,8.3,,,,,,,,,,,,,,,,,,TBD (Phase 4),TBD,8.600000000000001,8.3,,8.3,Roster/elements cross-checked against current PalDB-derived index.,https://paldb.cc/fr/Pals,https://paldb.cc/fr/Pal_Stats,2026-08-05
Relaxaurus Lux,Dragon,Electric,A,Main DPS,8.3,,,,,,,,,,,,,,,,,,TBD (Phase 4),TBD,8.600000000000001,8.3,,8.3,Roster/elements cross-checked against current PalDB-derived index.,https://paldb.cc/fr/Pals,https://paldb.cc/fr/Pal_Stats,2026-08-05
Renjishi,Fire,,B,Secondary DPS / Utility,7.1,,,,,,,,,,,,,,,,,,TBD (Phase 4),TBD,7.1,7.1,,7.1,Roster/elements cross-checked against current PalDB-derived index.,https://paldb.cc/fr/Pals,https://paldb.cc/fr/Pal_Stats,2026-08-05
Reptyro,Fire,Ground,B,Secondary DPS / Utility,7.1,,,,,,,,,,,,,,,,,,TBD (Phase 4),TBD,7.1,7.1,,7.1,Roster/elements cross-checked against current PalDB-derived index.,https://paldb.cc/fr/Pals,https://paldb.cc/fr/Pal_Stats,2026-08-05
Reptyro Cryst,Ice,Ground,A,Main DPS,8.3,,,,,,,,,,,,,,,,,,TBD (Phase 4),TBD,8.600000000000001,8.3,,8.3,Roster/elements cross-checked against current PalDB-derived index.,https://paldb.cc/fr/Pals,https://paldb.cc/fr/Pal_Stats,2026-08-05
Ribbuny,Neutral,,D,Early-game / Niche,4.5,,,,,,,,,,,,,,,,,,TBD (Phase 4),TBD,4.5,4.5,,4.5,Roster/elements cross-checked against current PalDB-derived index.,https://paldb.cc/fr/Pals,https://paldb.cc/fr/Pal_Stats,2026-08-05
Ribbuny Botan,Grass,,C,Utility / Specialist,5.8,,,,,,,,,,,,,,,,,,TBD (Phase 4),TBD,5.8,5.8,,5.8,Roster/elements cross-checked against current PalDB-derived index.,https://paldb.cc/fr/Pals,https://paldb.cc/fr/Pal_Stats,2026-08-05
Robinquill,Grass,,C,Utility / Specialist,5.8,,,,,,,,,,,,,,,,,,TBD (Phase 4),TBD,5.8,5.8,,5.8,Roster/elements cross-checked against current PalDB-derived index.,https://paldb.cc/fr/Pals,https://paldb.cc/fr/Pal_Stats,2026-08-05
Robinquill Terra,Grass,Ground,C,Utility / Specialist,5.8,,,,,,,,,,,,,,,,,,TBD (Phase 4),TBD,5.8,5.8,,5.8,Roster/elements cross-checked against current PalDB-derived index.,https://paldb.cc/fr/Pals,https://paldb.cc/fr/Pal_Stats,2026-08-05
Rooby,Fire,,C,Utility / Specialist,5.8,,,,,,,,,,,,,,,,,,TBD (Phase 4),TBD,5.8,5.8,,5.8,Roster/elements cross-checked against current PalDB-derived index.,https://paldb.cc/fr/Pals,https://paldb.cc/fr/Pal_Stats,2026-08-05
Roujay,Dark,,B,Secondary DPS / Utility,7.1,,,,,,,,,,,,,,,,,,TBD (Phase 4),TBD,7.1,7.1,,7.1,Roster/elements cross-checked against current PalDB-derived index.,https://paldb.cc/fr/Pals,https://paldb.cc/fr/Pal_Stats,2026-08-05
Rushoar,Ground,,C,Utility / Specialist,5.8,,,,,,,,,,,,,,,,,,TBD (Phase 4),TBD,5.8,5.8,,5.8,Roster/elements cross-checked against current PalDB-derived index.,https://paldb.cc/fr/Pals,https://paldb.cc/fr/Pal_Stats,2026-08-05
Sekhmet,Ground,,B,Secondary DPS / Utility,7.1,,,,,,,,,,,,,,,,,,TBD (Phase 4),TBD,7.1,7.1,,7.1,Roster/elements cross-checked against current PalDB-derived index.,https://paldb.cc/fr/Pals,https://paldb.cc/fr/Pal_Stats,2026-08-05
Selyne,Dark,Neutral,A,Main DPS,8.3,,,,,,,,,,,,,,,,,,TBD (Phase 4),TBD,8.600000000000001,8.3,,8.3,Roster/elements cross-checked against current PalDB-derived index.,https://paldb.cc/fr/Pals,https://paldb.cc/fr/Pal_Stats,2026-08-05
Shadowbeak,Dark,,S,Main DPS,9.5,,,,,,,,,,,,,,,,,,TBD (Phase 4),TBD,9.8,9.7,,9.5,Roster/elements cross-checked against current PalDB-derived index.,https://paldb.cc/fr/Pals,https://paldb.cc/fr/Pal_Stats,2026-08-05
Shaolong,Dragon,Water,S,Main DPS,9.5,,,,,,,,,,,,,,,,,,TBD (Phase 4),TBD,9.8,9.7,,9.5,Roster/elements cross-checked against current PalDB-derived index.,https://paldb.cc/fr/Pals,https://paldb.cc/fr/Pal_Stats,2026-08-05
Shroomer,Grass,,B,Secondary DPS / Utility,7.1,,,,,,,,,,,,,,,,,,TBD (Phase 4),TBD,7.1,7.1,,7.1,Roster/elements cross-checked against current PalDB-derived index.,https://paldb.cc/fr/Pals,https://paldb.cc/fr/Pal_Stats,2026-08-05
Shroomer Noct,Grass,Dark,B,Secondary DPS / Utility,7.1,,,,,,,,,,,,,,,,,,TBD (Phase 4),TBD,7.1,7.1,,7.1,Roster/elements cross-checked against current PalDB-derived index.,https://paldb.cc/fr/Pals,https://paldb.cc/fr/Pal_Stats,2026-08-05
Sibelyx,Ice,,C,Utility / Specialist,5.8,,,,,,,,,,,,,,,,,,TBD (Phase 4),TBD,5.8,5.8,,5.8,Roster/elements cross-checked against current PalDB-derived index.,https://paldb.cc/fr/Pals,https://paldb.cc/fr/Pal_Stats,2026-08-05
Sibelyx Primo,Neutral,,B,Secondary DPS / Utility,7.1,,,,,,,,,,,,,,,,,,TBD (Phase 4),TBD,7.1,7.1,,7.1,Roster/elements cross-checked against current PalDB-derived index.,https://paldb.cc/fr/Pals,https://paldb.cc/fr/Pal_Stats,2026-08-05
Silvance,Grass,,A,Main DPS,8.3,,,,,,,,,,,,,,,,,,TBD (Phase 4),TBD,8.600000000000001,8.3,,8.3,Roster/elements cross-checked against current PalDB-derived index.,https://paldb.cc/fr/Pals,https://paldb.cc/fr/Pal_Stats,2026-08-05
Silvegis,Dragon,,A,Main DPS,8.3,,,,,,,,,,,,,,,,,,TBD (Phase 4),TBD,8.600000000000001,8.3,,8.3,Roster/elements cross-checked against current PalDB-derived index.,https://paldb.cc/fr/Pals,https://paldb.cc/fr/Pal_Stats,2026-08-05
Skutlass,Water,,C,Utility / Specialist,5.8,,,,,,,,,,,,,,,,,,TBD (Phase 4),TBD,5.8,5.8,,5.8,Roster/elements cross-checked against current PalDB-derived index.,https://paldb.cc/fr/Pals,https://paldb.cc/fr/Pal_Stats,2026-08-05
Skutlass Ignis,Water,Fire,C,Utility / Specialist,5.8,,,,,,,,,,,,,,,,,,TBD (Phase 4),TBD,5.8,5.8,,5.8,Roster/elements cross-checked against current PalDB-derived index.,https://paldb.cc/fr/Pals,https://paldb.cc/fr/Pal_Stats,2026-08-05
Slowatt,Electric,,C,Utility / Specialist,5.8,,,,,,,,,,,,,,,,,,TBD (Phase 4),TBD,5.8,5.8,,5.8,Roster/elements cross-checked against current PalDB-derived index.,https://paldb.cc/fr/Pals,https://paldb.cc/fr/Pal_Stats,2026-08-05
Smokie,Dark,,C,Utility / Specialist,5.8,,,,,,,,,,,,,,,,,,TBD (Phase 4),TBD,5.8,5.8,,5.8,Roster/elements cross-checked against current PalDB-derived index.,https://paldb.cc/fr/Pals,https://paldb.cc/fr/Pal_Stats,2026-08-05
Smokie Cryst,Dark,Ice,C,Utility / Specialist,5.8,,,,,,,,,,,,,,,,,,TBD (Phase 4),TBD,5.8,5.8,,5.8,Roster/elements cross-checked against current PalDB-derived index.,https://paldb.cc/fr/Pals,https://paldb.cc/fr/Pal_Stats,2026-08-05
Snock,Electric,,D,Early-game / Niche,4.5,,,,,,,,,,,,,,,,,,TBD (Phase 4),TBD,4.5,4.5,,4.5,Roster/elements cross-checked against current PalDB-derived index.,https://paldb.cc/fr/Pals,https://paldb.cc/fr/Pal_Stats,2026-08-05
Snock Lux,Electric,Ground,D,Early-game / Niche,4.5,,,,,,,,,,,,,,,,,,TBD (Phase 4),TBD,4.5,4.5,,4.5,Roster/elements cross-checked against current PalDB-derived index.,https://paldb.cc/fr/Pals,https://paldb.cc/fr/Pal_Stats,2026-08-05
Snugloo,Ice,,C,Utility / Specialist,5.8,,,,,,,,,,,,,,,,,,TBD (Phase 4),TBD,5.8,5.8,,5.8,Roster/elements cross-checked against current PalDB-derived index.,https://paldb.cc/fr/Pals,https://paldb.cc/fr/Pal_Stats,2026-08-05
Solenne,Dark,Neutral,A,Main DPS,8.3,,,,,,,,,,,,,,,,,,TBD (Phase 4),TBD,8.600000000000001,8.3,,8.3,Roster/elements cross-checked against current PalDB-derived index.,https://paldb.cc/fr/Pals,https://paldb.cc/fr/Pal_Stats,2026-08-05
Solmora,Water,,C,Utility / Specialist,5.8,,,,,,,,,,,,,,,,,,TBD (Phase 4),TBD,5.8,5.8,,5.8,Roster/elements cross-checked against current PalDB-derived index.,https://paldb.cc/fr/Pals,https://paldb.cc/fr/Pal_Stats,2026-08-05
Solmora Lux,Water,Electric,C,Utility / Specialist,5.8,,,,,,,,,,,,,,,,,,TBD (Phase 4),TBD,5.8,5.8,,5.8,Roster/elements cross-checked against current PalDB-derived index.,https://paldb.cc/fr/Pals,https://paldb.cc/fr/Pal_Stats,2026-08-05
Sootseer,Dark,Fire,B,Secondary DPS / Utility,7.1,,,,,,,,,,,,,,,,,,TBD (Phase 4),TBD,7.1,7.1,,7.1,Roster/elements cross-checked against current PalDB-derived index.,https://paldb.cc/fr/Pals,https://paldb.cc/fr/Pal_Stats,2026-08-05
Souffline,Grass,,D,Early-game / Niche,4.5,,,,,,,,,,,,,,,,,,TBD (Phase 4),TBD,4.5,4.5,,4.5,Roster/elements cross-checked against current PalDB-derived index.,https://paldb.cc/fr/Pals,https://paldb.cc/fr/Pal_Stats,2026-08-05
Sparkit,Electric,,D,Early-game / Niche,4.5,,,,,,,,,,,,,,,,,,TBD (Phase 4),TBD,4.5,4.5,,4.5,Roster/elements cross-checked against current PalDB-derived index.,https://paldb.cc/fr/Pals,https://paldb.cc/fr/Pal_Stats,2026-08-05
Splatterina,Dark,,B,Secondary DPS / Utility,7.1,,,,,,,,,,,,,,,,,,TBD (Phase 4),TBD,7.1,7.1,,7.1,Roster/elements cross-checked against current PalDB-derived index.,https://paldb.cc/fr/Pals,https://paldb.cc/fr/Pal_Stats,2026-08-05
Starryon,Dark,,B,Secondary DPS / Utility,7.1,,,,,,,,,,,,,,,,,,TBD (Phase 4),TBD,7.1,7.1,,7.1,Roster/elements cross-checked against current PalDB-derived index.,https://paldb.cc/fr/Pals,https://paldb.cc/fr/Pal_Stats,2026-08-05
Starryon Primo,Neutral,,B,Secondary DPS / Utility,7.1,,,,,,,,,,,,,,,,,,TBD (Phase 4),TBD,7.1,7.1,,7.1,Roster/elements cross-checked against current PalDB-derived index.,https://paldb.cc/fr/Pals,https://paldb.cc/fr/Pal_Stats,2026-08-05
Surfent,Water,,C,Utility / Specialist,5.8,,,,,,,,,,,,,,,,,,TBD (Phase 4),TBD,5.8,5.8,,5.8,Roster/elements cross-checked against current PalDB-derived index.,https://paldb.cc/fr/Pals,https://paldb.cc/fr/Pal_Stats,2026-08-05
Surfent Terra,Ground,,C,Utility / Specialist,5.8,,,,,,,,,,,,,,,,,,TBD (Phase 4),TBD,5.8,5.8,,5.8,Roster/elements cross-checked against current PalDB-derived index.,https://paldb.cc/fr/Pals,https://paldb.cc/fr/Pal_Stats,2026-08-05
Suzaku,Fire,,B,Secondary DPS / Utility,7.1,,,,,,,,,,,,,,,,,,TBD (Phase 4),TBD,7.1,7.1,,7.1,Roster/elements cross-checked against current PalDB-derived index.,https://paldb.cc/fr/Pals,https://paldb.cc/fr/Pal_Stats,2026-08-05
Suzaku Aqua,Water,,B,Secondary DPS / Utility,7.1,,,,,,,,,,,,,,,,,,TBD (Phase 4),TBD,7.1,7.1,,7.1,Roster/elements cross-checked against current PalDB-derived index.,https://paldb.cc/fr/Pals,https://paldb.cc/fr/Pal_Stats,2026-08-05
Swee,Ice,,D,Early-game / Niche,4.5,,,,,,,,,,,,,,,,,,TBD (Phase 4),TBD,4.5,4.5,,4.5,Roster/elements cross-checked against current PalDB-derived index.,https://paldb.cc/fr/Pals,https://paldb.cc/fr/Pal_Stats,2026-08-05
Sweepa,Ice,,C,Utility / Specialist,5.8,,,,,,,,,,,,,,,,,,TBD (Phase 4),TBD,5.8,5.8,,5.8,Roster/elements cross-checked against current PalDB-derived index.,https://paldb.cc/fr/Pals,https://paldb.cc/fr/Pal_Stats,2026-08-05
Tanzee,Grass,,C,Utility / Specialist,5.8,,,,,,,,,,,,,,,,,,TBD (Phase 4),TBD,5.8,5.8,,5.8,Roster/elements cross-checked against current PalDB-derived index.,https://paldb.cc/fr/Pals,https://paldb.cc/fr/Pal_Stats,2026-08-05
Tanzee Ignis,Fire,,C,Utility / Specialist,5.8,,,,,,,,,,,,,,,,,,TBD (Phase 4),TBD,5.8,5.8,,5.8,Roster/elements cross-checked against current PalDB-derived index.,https://paldb.cc/fr/Pals,https://paldb.cc/fr/Pal_Stats,2026-08-05
Tarantriss,Dark,,B,Secondary DPS / Utility,7.1,,,,,,,,,,,,,,,,,,TBD (Phase 4),TBD,7.1,7.1,,7.1,Roster/elements cross-checked against current PalDB-derived index.,https://paldb.cc/fr/Pals,https://paldb.cc/fr/Pal_Stats,2026-08-05
Teafant,Water,,D,Early-game / Niche,4.5,,,,,,,,,,,,,,,,,,TBD (Phase 4),TBD,4.5,4.5,,4.5,Roster/elements cross-checked against current PalDB-derived index.,https://paldb.cc/fr/Pals,https://paldb.cc/fr/Pal_Stats,2026-08-05
Tetroise,Ground,,B,Secondary DPS / Utility,7.1,,,,,,,,,,,,,,,,,,TBD (Phase 4),TBD,7.1,7.1,,7.1,Roster/elements cross-checked against current PalDB-derived index.,https://paldb.cc/fr/Pals,https://paldb.cc/fr/Pal_Stats,2026-08-05
Tetroise Primo,Neutral,,A,Main DPS,8.3,,,,,,,,,,,,,,,,,,TBD (Phase 4),TBD,8.600000000000001,8.3,,8.3,Roster/elements cross-checked against current PalDB-derived index.,https://paldb.cc/fr/Pals,https://paldb.cc/fr/Pal_Stats,2026-08-05
Tocotoco,Neutral,,D,Early-game / Niche,4.5,,,,,,,,,,,,,,,,,,TBD (Phase 4),TBD,4.5,4.5,,4.5,Roster/elements cross-checked against current PalDB-derived index.,https://paldb.cc/fr/Pals,https://paldb.cc/fr/Pal_Stats,2026-08-05
Tombat,Dark,,C,Utility / Specialist,5.8,,,,,,,,,,,,,,,,,,TBD (Phase 4),TBD,5.8,5.8,,5.8,Roster/elements cross-checked against current PalDB-derived index.,https://paldb.cc/fr/Pals,https://paldb.cc/fr/Pal_Stats,2026-08-05
Tropicaw,Grass,,C,Utility / Specialist,5.8,,,,,,,,,,,,,,,,,,TBD (Phase 4),TBD,5.8,5.8,,5.8,Roster/elements cross-checked against current PalDB-derived index.,https://paldb.cc/fr/Pals,https://paldb.cc/fr/Pal_Stats,2026-08-05
Turtacle,Water,,C,Utility / Specialist,5.8,,,,,,,,,,,,,,,,,,TBD (Phase 4),TBD,5.8,5.8,,5.8,Roster/elements cross-checked against current PalDB-derived index.,https://paldb.cc/fr/Pals,https://paldb.cc/fr/Pal_Stats,2026-08-05
Turtacle Terra,Water,Ground,B,Secondary DPS / Utility,7.1,,,,,,,,,,,,,,,,,,TBD (Phase 4),TBD,7.1,7.1,,7.1,Roster/elements cross-checked against current PalDB-derived index.,https://paldb.cc/fr/Pals,https://paldb.cc/fr/Pal_Stats,2026-08-05
Univolt,Electric,,B,Secondary DPS / Utility,7.1,,,,,,,,,,,,,,,,,,TBD (Phase 4),TBD,7.1,7.1,,7.1,Roster/elements cross-checked against current PalDB-derived index.,https://paldb.cc/fr/Pals,https://paldb.cc/fr/Pal_Stats,2026-08-05
Univolt Cryst,Ice,,B,Secondary DPS / Utility,7.1,,,,,,,,,,,,,,,,,,TBD (Phase 4),TBD,7.1,7.1,,7.1,Roster/elements cross-checked against current PalDB-derived index.,https://paldb.cc/fr/Pals,https://paldb.cc/fr/Pal_Stats,2026-08-05
Vaelet,Grass,,B,Secondary DPS / Utility,7.1,,,,,,,,,,,,,,,,,,TBD (Phase 4),TBD,7.1,7.1,,7.1,Roster/elements cross-checked against current PalDB-derived index.,https://paldb.cc/fr/Pals,https://paldb.cc/fr/Pal_Stats,2026-08-05
Valentail,Neutral,,D,Early-game / Niche,4.5,,,,,,,,,,,,,,,,,,TBD (Phase 4),TBD,4.5,4.5,,4.5,Roster/elements cross-checked against current PalDB-derived index.,https://paldb.cc/fr/Pals,https://paldb.cc/fr/Pal_Stats,2026-08-05
Vanwyrm,Fire,Dark,B,Secondary DPS / Utility,7.1,,,,,,,,,,,,,,,,,,TBD (Phase 4),TBD,7.1,7.1,,7.1,Roster/elements cross-checked against current PalDB-derived index.,https://paldb.cc/fr/Pals,https://paldb.cc/fr/Pal_Stats,2026-08-05
Vanwyrm Cryst,Ice,Dark,B,Secondary DPS / Utility,7.1,,,,,,,,,,,,,,,,,,TBD (Phase 4),TBD,7.1,7.1,,7.1,Roster/elements cross-checked against current PalDB-derived index.,https://paldb.cc/fr/Pals,https://paldb.cc/fr/Pal_Stats,2026-08-05
Venusa,Dark,,C,Utility / Specialist,5.8,,,,,,,,,,,,,,,,,,TBD (Phase 4),TBD,5.8,5.8,,5.8,Roster/elements cross-checked against current PalDB-derived index.,https://paldb.cc/fr/Pals,https://paldb.cc/fr/Pal_Stats,2026-08-05
Verdash,Grass,,B,Secondary DPS / Utility,7.1,,,,,,,,,,,,,,,,,,TBD (Phase 4),TBD,7.1,7.1,,7.1,Roster/elements cross-checked against current PalDB-derived index.,https://paldb.cc/fr/Pals,https://paldb.cc/fr/Pal_Stats,2026-08-05
Vixy,Neutral,,D,Early-game / Niche,4.5,,,,,,,,,,,,,,,,,,TBD (Phase 4),TBD,4.5,4.5,,4.5,Roster/elements cross-checked against current PalDB-derived index.,https://paldb.cc/fr/Pals,https://paldb.cc/fr/Pal_Stats,2026-08-05
Warsect,Ground,Grass,A,Main DPS,8.3,,,,,,,,,,,,,,,,,,TBD (Phase 4),TBD,8.600000000000001,8.3,,8.3,Roster/elements cross-checked against current PalDB-derived index.,https://paldb.cc/fr/Pals,https://paldb.cc/fr/Pal_Stats,2026-08-05
Warsect Terra,Ground,,A,Main DPS,8.3,,,,,,,,,,,,,,,,,,TBD (Phase 4),TBD,8.600000000000001,8.3,,8.3,Roster/elements cross-checked against current PalDB-derived index.,https://paldb.cc/fr/Pals,https://paldb.cc/fr/Pal_Stats,2026-08-05
Whalaska,Ice,Water,B,Secondary DPS / Utility,7.1,,,,,,,,,,,,,,,,,,TBD (Phase 4),TBD,7.1,7.1,,7.1,Roster/elements cross-checked against current PalDB-derived index.,https://paldb.cc/fr/Pals,https://paldb.cc/fr/Pal_Stats,2026-08-05
Whalaska Ignis,Ice,Fire,A,Main DPS,8.3,,,,,,,,,,,,,,,,,,TBD (Phase 4),TBD,8.600000000000001,8.3,,8.3,Roster/elements cross-checked against current PalDB-derived index.,https://paldb.cc/fr/Pals,https://paldb.cc/fr/Pal_Stats,2026-08-05
Wispaw,Dark,,C,Utility / Specialist,5.8,,,,,,,,,,,,,,,,,,TBD (Phase 4),TBD,5.8,5.8,,5.8,Roster/elements cross-checked against current PalDB-derived index.,https://paldb.cc/fr/Pals,https://paldb.cc/fr/Pal_Stats,2026-08-05
Wistella,Dark,,D,Early-game / Niche,4.5,,,,,,,,,,,,,,,,,,TBD (Phase 4),TBD,4.5,4.5,,4.5,Roster/elements cross-checked against current PalDB-derived index.,https://paldb.cc/fr/Pals,https://paldb.cc/fr/Pal_Stats,2026-08-05
Wixen,Fire,,C,Utility / Specialist,5.8,,,,,,,,,,,,,,,,,,TBD (Phase 4),TBD,5.8,5.8,,5.8,Roster/elements cross-checked against current PalDB-derived index.,https://paldb.cc/fr/Pals,https://paldb.cc/fr/Pal_Stats,2026-08-05
Wixen Noct,Fire,Dark,C,Utility / Specialist,5.8,,,,,,,,,,,,,,,,,,TBD (Phase 4),TBD,5.8,5.8,,5.8,Roster/elements cross-checked against current PalDB-derived index.,https://paldb.cc/fr/Pals,https://paldb.cc/fr/Pal_Stats,2026-08-05
Woolipop,Neutral,,D,Early-game / Niche,4.5,,,,,,,,,,,,,,,,,,TBD (Phase 4),TBD,4.5,4.5,,4.5,Roster/elements cross-checked against current PalDB-derived index.,https://paldb.cc/fr/Pals,https://paldb.cc/fr/Pal_Stats,2026-08-05
Woolipop Terra,Ground,,C,Utility / Specialist,5.8,,,,,,,,,,,,,,,,,,TBD (Phase 4),TBD,5.8,5.8,,5.8,Roster/elements cross-checked against current PalDB-derived index.,https://paldb.cc/fr/Pals,https://paldb.cc/fr/Pal_Stats,2026-08-05
Wumpo,Ice,,B,Secondary DPS / Utility,7.1,,,,,,,,,,,,,,,,,,TBD (Phase 4),TBD,7.1,7.1,,7.1,Roster/elements cross-checked against current PalDB-derived index.,https://paldb.cc/fr/Pals,https://paldb.cc/fr/Pal_Stats,2026-08-05
Wumpo Botan,Grass,,A,Main DPS,8.3,,,,,,,,,,,,,,,,,,TBD (Phase 4),TBD,8.600000000000001,8.3,,8.3,Roster/elements cross-checked against current PalDB-derived index.,https://paldb.cc/fr/Pals,https://paldb.cc/fr/Pal_Stats,2026-08-05
Xenogard,Dragon,,A,Main DPS,8.3,,,,,,,,,,,,,,,,,,TBD (Phase 4),TBD,8.600000000000001,8.3,,8.3,Roster/elements cross-checked against current PalDB-derived index.,https://paldb.cc/fr/Pals,https://paldb.cc/fr/Pal_Stats,2026-08-05
Xenolord,Dark,Dragon,A,Main DPS,8.3,,,,,,,,,,,,,,,,,,TBD (Phase 4),TBD,8.600000000000001,8.3,,8.3,Roster/elements cross-checked against current PalDB-derived index.,https://paldb.cc/fr/Pals,https://paldb.cc/fr/Pal_Stats,2026-08-05
Xenovader,Dark,,B,Secondary DPS / Utility,7.1,,,,,,,,,,,,,,,,,,TBD (Phase 4),TBD,7.1,7.1,,7.1,Roster/elements cross-checked against current PalDB-derived index.,https://paldb.cc/fr/Pals,https://paldb.cc/fr/Pal_Stats,2026-08-05
Yakumo,Neutral,,C,Utility / Specialist,5.8,,,,,,,,,,,,,,,,,,TBD (Phase 4),TBD,5.8,5.8,,5.8,Roster/elements cross-checked against current PalDB-derived index.,https://paldb.cc/fr/Pals,https://paldb.cc/fr/Pal_Stats,2026-08-05
